Unnamed: 0,Clean_Title,Clean_Author,Title,Author,Genre,Type,Rating,No. of People rated,URLs
2668,where crawdads sing,delia owens,Where the Crawdads Sing,Delia Owens,Suspense Thriller and Mystery Crime Thrillers,Paperback,4.5,500119.0,https://www.amazon.in/Where-Crawdads-Sing-Delia-Owens/dp/1472154665/ref=zg_bs_g_22960213031_d_sccl_19/000-0000000-0000000?psc=1
2691,"girl on train, (red)",hawkins paula,"Girl on the Train, The (RED)",Paula Hawkins,Suspense Thriller and Mystery Crime Thrillers,Paperback,4.1,481629.0,https://www.amazon.in/Girl-Train-Paula-Hawkins/dp/0552779776/ref=zg_bs_g_22960213031_d_sccl_12/000-0000000-0000000?psc=1
152,silent patient,alex michaelides,"The Silent Patient: The record-breaking, multimillion copy Sunday Times bestselling thriller and TikTok sensation",Alex Michaelides,Criticism Arts Photography Theory Film,Kindle Edition,4.5,291822.0,https://www.amazon.in/Silent-Patient-most-anticipated-thriller-ebook/dp/B07G17DR4X/ref=zg_bs_g_1318057031_d_sccl_3/000-0000000-0000000?psc=1
2655,"verity [] hoover, colleen",colleen hoover,"VERITY [Paperback] Hoover, Colleen",Colleen Hoover,Suspense Thriller and Mystery Crime Thrillers,Paperback,4.3,270151.0,https://www.amazon.in/VERITY-Paperback-Hoover-Colleen/dp/1408726602/ref=zg_bs_g_22960213031_d_sccl_6/000-0000000-0000000?psc=1
6588,lessons in chemistry,bonnie garmus,Lessons in Chemistry,Garmus Bonnie,Sciences Society Culture Social,Paperback,4.6,263976.0,https://www.amazon.in/Lessons-Chemistry-Sunday-bestseller-Between/dp/1804990922/ref=zg_bs_g_1318222031_d_sccl_15/000-0000000-0000000?psc=1
2657,housemaid,freida mcfadden,THE HOUSEMAID,Freida Mcfadden,Suspense Thriller and Mystery Crime Thrillers,Paperback,4.3,242023.0,https://www.amazon.in/HOUSEMAID-Freida-Mcfadden/dp/014346115X/ref=zg_bs_g_22960213031_d_sccl_8/000-0000000-0000000?psc=1
5874,things we never got over,lucy score,THINGS WE NEVER GOT OVER: the TikTok bestseller and perfect small-town romcom! (Knockemout Series),Lucy Score,Western Romance Frontier,Paperback,4.4,173438.0,https://www.amazon.in/Things-Never-Got-Over-bestseller/dp/1399713744/ref=zg_bs_g_89265404031_d_sccl_1/000-0000000-0000000?psc=1
2965,fourth wing,rebecca yarros,Fourth Wing: DISCOVER THE INSTANT SUNDAY TIMES AND NUMBER ONE GLOBAL BESTSELLING PHENOMENON!* (The Empyrean),Rebecca Yarros,Fiction Horror Fantasy Science,Kindle Edition,4.7,165909.0,https://www.amazon.in/Fourth-Wing-Discover-obsession-Empyrean-ebook/dp/B0BPP58HR2/ref=zg_bs_g_1318163031_d_sccl_16/000-0000000-0000000?psc=1
7685,fault in our stars,green john,The Fault in Our Stars,John Green,Adult Romance Young Teen,Paperback,4.5,154645.0,https://www.amazon.in/Fault-our-Stars-John-Green/dp/0141345659/ref=zg_bs_g_67803438031_d_sccl_8/000-0000000-0000000?psc=1
3097,subtle art of not giving f*ck,manson mark,The Subtle Art of Not Giving a F*ck: A Counterintuitive Approach to Living a Good Life,Mark Manson,Development Transformation Family Health Personal,Audible Audiobook,4.5,141395.0,https://www.amazon.in/Subtle-Art-Not-Giving-Counterintuitive/dp/B079BN6M71/ref=zg_bs_g_1318132031_d_sccl_18/000-0000000-0000000?psc=1
5082,me before you,jojo moyes,ME BEFORE YOU,Jojo Moyes,Wholesome Clean Romance,Paperback,4.5,140025.0,https://www.amazon.in/Me-Before-You-Jojo-Moyes/dp/0718157834/ref=zg_bs_g_89265408031_d_sccl_5/000-0000000-0000000?psc=1
6618,"handmaid's tale [] atwood, margaret",atwood margaret,"The Handmaid's Tale [Paperback] Atwood, Margaret",Margaret Atwood,Sciences Society Culture Social,Paperback,4.4,139671.0,https://www.amazon.in/Handmaids-Tale-Contemporary-Classics/dp/0099740915/ref=zg_bs_g_1318222031_d_sccl_15/000-0000000-0000000?psc=1
3564,to kill mockingbird,harper lee,TO KILL A MOCKINGBIRD,Harper Lee,Fiction Classic Literature,Paperback,4.5,125576.0,https://www.amazon.in/Kill-Mockingbird-Harper-Lee/dp/0099549484/ref=zg_bs_g_1318159031_d_sccl_15/000-0000000-0000000?psc=1
3555,1984,george orwell,1984,George Orwell,Fiction Classic Literature,Paperback,4.5,125234.0,https://www.amazon.in/1984-George-Orwell/dp/9389053730/ref=zg_bs_g_1318159031_d_sccl_6/000-0000000-0000000?psc=1
3748,project hail mary,andy weir,Project Hail Mary,Andy Weir,Literature Horror Fantasy Science Fiction,Audible Audiobook,4.7,113287.0,https://www.amazon.in/Project-Hail-Mary/dp/B08G9XR74C/ref=zg_bs_g_1402038031_d_sccl_19/000-0000000-0000000?psc=1
6474,becoming,michelle obama,Becoming : The Sunday Times Number One Bestseller,Michelle Obama,Sciences Society Ethnography Social,Paperback,4.6,110817.0,https://www.amazon.in/Becoming-Sunday-Times-Number-Bestseller/dp/0241982979/ref=zg_bs_g_26437177031_d_sccl_1/000-0000000-0000000?psc=1
6281,when breath becomes air,kalanithi paul,When Breath Becomes Air,Paul Kalanithi,Biology Life Technology Sciences Medicine,Board book,4.6,100836.0,https://www.amazon.in/When-Breath-Becomes-Paul-Kalanithi/dp/1847923674/ref=zg_bs_g_1318206031_d_sccl_8/000-0000000-0000000?psc=1
2673,guest list,foley lucy,"The Guest List: From the author of The Hunting Party, the No.1 Sunday Times bestseller and prize winning mystery thriller in 2021",Lucy Foley,Suspense Thriller and Mystery Crime Thrillers,Paperback,4.1,100290.0,https://www.amazon.in/Guest-List-Lucy-Foley/dp/0008403775/ref=zg_bs_g_22960213031_d_sccl_24/000-0000000-0000000?psc=1
3766,born crime,noah trevor,BORN A CRIME: STORIES FROM A SOUTH AFRICAN CHILDHOOD,Trevor Noah,Fiction Humour Literature,Paperback,4.6,97292.0,https://www.amazon.in/BORN-CRIME-STORIES-AFRICAN-CHILDHOOD/dp/1473635306/ref=zg_bs_g_1318143031_d_sccl_17/000-0000000-0000000?psc=1
2975,song of achilles,madeline miller,The Song of Achilles,Madeline Miller,Fiction Horror Fantasy Science,Paperback,4.6,94523.0,https://www.amazon.in/Achilles-Bloomsbury-Publishing-Private-Limited/dp/938900022X/ref=zg_bs_g_1318163031_d_sccl_26/000-0000000-0000000?psc=1
3051,atomic habits,clear james,Atomic Habits,James Clear,Development Transformation Family Health Personal,Paperback,4.6,90104.0,https://www.amazon.in/Atomic-Habits-James-Clear/dp/1847941834/ref=zg_bs_g_1318132031_d_sccl_2/000-0000000-0000000?psc=1
452,very hungry caterpillar [board book] eric carle,carle eric,The Very Hungry Caterpillar [Board book] Eric Carle,Eric Carle,Books Children's Pets Animals,Board book,4.7,88951.0,https://www.amazon.in/Very-Hungry-Caterpillar-Eric-Carle/dp/0241003008/ref=zg_bs_g_67803455031_d_sccl_3/000-0000000-0000000?psc=1
2958,dune,frank herbert,Dune,Frank Herbert,Fiction Horror Fantasy Science,Mass Market Paperback,4.5,88530.0,https://www.amazon.in/Dune-Frank-Herbert/dp/0441172717/ref=zg_bs_g_1318163031_d_sccl_9/000-0000000-0000000?psc=1
250,man's search for meaning,e. frankl victor,Man's Search For Meaning: The classic tribute to hope from the Holocaust,Victor E. Frankl,Accounts True Diaries Biographies,Paperback,4.5,84339.0,https://www.amazon.in/Mans-Search-Meaning-Viktor-Frankl/dp/1846041244/ref=zg_bs_g_1318067031_d_sccl_1/000-0000000-0000000?psc=1
7229,boys in boat,brown daniel james,The Boys in the Boat,Daniel James Brown,Events Organisations Sporting Sports,Paperback,4.6,83479.0,https://www.amazon.in/Boys-Boat-Daniel-James-Brown/dp/1447210980/ref=zg_bs_g_1318275031_d_sccl_2/000-0000000-0000000?psc=1
2258,"tomorrow, and tomorrow, and tomorrow",gabrielle zevin,"Tomorrow, and Tomorrow, and Tomorrow",Gabrielle Zevin,Media Development Internet Software Digital Programming Computing,Paperback,4.3,83338.0,https://www.amazon.in/Tomorrow-Gabrielle-Zevin/dp/152911554X/ref=zg_bs_g_1318116031_d_sccl_9/000-0000000-0000000?psc=1
3008,haunting adeline,carlton d. h.,"Haunting Adeline: Cat and Mouse Duet, Book 1",H. D. Carlton,Fiction Horror Fantasy Science,Audible Audiobook,4.3,82562.0,https://www.amazon.in/Haunting-Adeline-Mouse-Duet-Book/dp/B0BC9TJX75/ref=zg_bs_g_1318165031_d_sccl_9/000-0000000-0000000?psc=1
2683,family upstairs,jewell lisa,The Family Upstairs,Lisa Jewell,Suspense Thriller and Mystery Crime Thrillers,Paperback,4.2,82147.0,https://www.amazon.in/Family-Upstairs-Number-bestseller-author/dp/1787461483/ref=zg_bs_g_22960213031_d_sccl_4/000-0000000-0000000?psc=1
350,power of your subconscious mind,joseph murphy,The Power of Your Subconscious Mind,Joseph Murphy,Economics Business,Paperback,4.5,81265.0,https://www.amazon.in/Power-Your-Subconscious-Mind-Success/dp/8172345666/ref=zg_bs_g_1318069031_d_sccl_1/000-0000000-0000000?psc=1
3481,burn after writing,jones sharon,BURN AFTER WRITING,Sharon Jones,Language Guides Writing Linguistics,Paperback,4.6,80511.0,https://www.amazon.in/Burn-After-Writing-Sharon-Jones/dp/0399175210/ref=zg_bs_g_1318151031_d_sccl_2/000-0000000-0000000?psc=1
5299,book lovers,emily henry,Book Lovers,EMILY HENRY,Romance Holidays,Paperback,4.2,75207.0,https://www.amazon.in/Book-Lovers-hilarious-enemies-lovers/dp/0241995345/ref=zg_bs_g_89265411031_d_sccl_3/000-0000000-0000000?psc=1
5089,"rosie project ( rosie project series, 1) [] simsion, graeme",graeme simsion,"The Rosie Project (The Rosie Project Series, 1) [Paperback] Simsion, Graeme",Graeme Simsion,Wholesome Clean Romance,Paperback,4.2,74397.0,https://www.amazon.in/Rosie-Project-Don-Tillman/dp/1405912790/ref=zg_bs_g_89265408031_d_sccl_12/000-0000000-0000000?psc=1
352,think and grow rich (pb),hill napoleon,THINK AND GROW RICH (PB),Napoleon Hill,Economics Business,Paperback,4.4,74253.0,https://www.amazon.in/Think-Grow-Rich-Napoleon-Hill/dp/9353338158/ref=zg_bs_g_1318069031_d_sccl_3/000-0000000-0000000?psc=1
1255,i love you to moon and back,little press tiger,I Love You to the Moon and Back,Little Tiger Press,Books Children's Holidays Celebrations,Board book,4.9,71361.0,https://www.amazon.in/I-Love-You-Moon-Back/dp/184869069X/ref=zg_bs_g_67803463031_d_sccl_6/000-0000000-0000000?psc=1
53,malibu rising,jenkins reid taylor,Malibu Rising,Taylor Jenkins Reid,Music Arts Photography Film,Paperback,4.2,70056.0,https://www.amazon.in/Malibu-Rising-SUNDAY-BESTSELLER-TIKTOK/dp/1529157145/ref=zg_bs_g_1318059031_d_sccl_4/000-0000000-0000000?psc=1
3148,12 rules for life,b. jordan peterson,12 Rules for Life : An Antidote to Chaos,Jordan B. Peterson,Development Self-Help Family Health Personal,Paperback,4.5,69613.0,https://www.amazon.in/12-Rules-Life-Antidote-Chaos/dp/0141988517/ref=zg_bs_g_23033695031_d_sccl_19/000-0000000-0000000?psc=1
2686,dark matter*,blake crouch,Dark Matter*,Blake Crouch,Suspense Thriller and Mystery Crime Thrillers,Paperback,4.4,67843.0,https://www.amazon.in/Dark-Matter-Blake-Crouch/dp/1035034654/ref=zg_bs_g_22960213031_d_sccl_7/000-0000000-0000000?psc=1
7690,we were liars,emily lockhart,We Were Liars,Emily Lockhart,Adult Romance Young Teen,Paperback,4.3,67503.0,https://www.amazon.in/We-Were-Liars-Lockhart/dp/147140398X/ref=zg_bs_g_67803438031_d_sccl_13/000-0000000-0000000?psc=1
3620,anxious people,backman fredrik,Anxious People,Fredrik Backman,Thriller Mystery Literature Crime Fiction,Paperback,4.5,66406.0,https://www.amazon.in/Anxious-People-bestseller-author-Called/dp/140593025X/ref=zg_bs_g_1318161031_d_sccl_21/000-0000000-0000000?psc=1
7436,icebreaker,grace hannah,Icebreaker,HANNAH GRACE,Winter Sports,Paperback,4.4,66333.0,https://www.amazon.in/Icebreaker-Hannah-Grace/dp/1398525685/ref=zg_bs_g_1318289031_d_sccl_9/000-0000000-0000000?psc=1
7737,"catching fire (hunger games trilogy, book 2)",collins suzanne,"Catching Fire (Hunger Games Trilogy, Book 2)",Suzanne Collins,Adult Teen Young Fantasy Science Fiction,Kindle Edition,4.6,64886.0,https://www.amazon.in/Catching-Fire-Hunger-Games-Trilogy-ebook/dp/B003O86FMW/ref=zg_bs_g_67803449031_d_sccl_10/000-0000000-0000000?psc=1
2999,serpent and wings of night (crowns of nyaxia book 1),broadbent carissa,The Serpent and the Wings of Night (Crowns of Nyaxia Book 1),Carissa Broadbent,Fiction Horror Fantasy Science,Kindle Edition,4.5,63916.0,https://www.amazon.in/Serpent-Wings-Night-Crowns-Nyaxia-ebook/dp/B09WRJJKXC/ref=zg_bs_g_1318163031_d_sccl_20/000-0000000-0000000?psc=1
218,shoe dog,knight phil,Shoe Dog,Phil Knight,Accounts True Biographies Autobiographies Diaries,Paperback,4.6,58096.0,https://www.amazon.in/Shoe-Dog-Memoir-Creator-NIKE/dp/1471146723/ref=zg_bs_g_1318065031_d_sccl_19/000-0000000-0000000?psc=1
2598,life,kondo marie,"The Life-Changing Magic of Tidying: A simple, effective way to banish clutter forever",Marie Kondo,House Lifestyle Crafts Maintenance Home,Kindle Edition,4.3,56570.0,https://www.amazon.in/Life-Changing-Magic-Tidying-effective-clutter-ebook/dp/B00I0C46BO/ref=zg_bs_g_1318124031_d_sccl_19/000-0000000-0000000?psc=1
3835,covenant of water,abraham verghese,The Covenant of Water: An Oprah's Book Club Selection,Abraham Verghese,Legends Myths Sagas Literature Fiction,Kindle Edition,4.6,55629.0,https://www.amazon.in/Covenant-Water-Oprahs-Book-Selection-ebook/dp/B0BN2P475V/ref=zg_bs_g_1318166031_d_sccl_6/000-0000000-0000000?psc=1
5318,people we meet on vacation,none,People We Meet On Vacation,none,Romance Holidays,Paperback,4.2,51539.0,https://www.amazon.in/People-Meet-Vacation-Lead-Title/dp/024199702X/ref=zg_bs_g_89265411031_d_sccl_22/000-0000000-0000000?psc=1
2,kite runner,hosseini khaled,The Kite Runner,Khaled Hosseini,Arts Photography Broadcast Cinema Film,Kindle Edition,4.6,50016.0,https://www.amazon.in/Kite-Runner-Khaled-Hosseini-ebook/dp/B00B0CR0O6/ref=zg_bs_g_1318054031_d_sccl_3/000-0000000-0000000?psc=1
5321,bridgerton,julia quinn,Bridgerton: The Duke and I (Bridgertons Book 1),Julia Quinn,Romance Holidays,Kindle Edition,4.4,46862.0,https://www.amazon.in/Duke-2nd-Epilogue-Bridgertons-Book-ebook/dp/B00UG8RP8Q/ref=zg_bs_g_89265411031_d_sccl_25/000-0000000-0000000?psc=1
5076,house in cerulean sea,klune travis,The House in the Cerulean Sea: TikTok made me buy it!,Travis Klune,Wholesome Clean Romance,Paperback,4.6,46066.0,https://www.amazon.in/House-Cerulean-Sea-TikTok-made/dp/1529087945/ref=zg_bs_g_89265408031_d_sccl_29/000-0000000-0000000?psc=1
4957,flawless,elsie silver,"Flawless: The must-read, small-town romance and TikTok bestseller! (Chestnut Springs Book 1)",Elsie Silver,Male Alpha Romance,Kindle Edition,4.4,45713.0,https://www.amazon.in/Flawless-must-read-small-town-bestseller-Chestnut-ebook/dp/B0BRPX86T6/ref=zg_bs_g_92041942031_d_sccl_10/000-0000000-0000000?psc=1
311,intelligent investor (english) – 2013,benjamin graham,The Intelligent Investor (English) Paperback – 2013,Benjamin Graham,Strategy Analysis Economics Business,Paperback,4.5,45519.0,https://www.amazon.in/Intelligent-Investor-English-Paperback-2013/dp/0062312685/ref=zg_bs_g_1318070031_d_sccl_12/000-0000000-0000000?psc=1
734,lord of flies,golding william,Lord of the Flies,William Golding,Books Children's Crime Thriller,Paperback,4.3,45510.0,https://www.amazon.in/Faber-Classics-Lord-Flies-Ff/dp/0571200532/ref=zg_bs_g_1318086031_d_sccl_5/000-0000000-0000000?psc=1
479,goodnight moon,brown margaret wise,Goodnight Moon,Margaret Wise Brown,Books Children's Pets Animals,Board book,4.4,45510.0,https://www.amazon.in/Goodnight-Moon-Margaret-Wise-Brown/dp/1509831975/ref=zg_bs_g_67803455031_d_sccl_30/000-0000000-0000000?psc=1
4241,red notice,bill browder,"Red Notice : A True Story of Corruption, Murder and how I became Putin’s no. 1 enemy",Bill Browder,Security Politics Freedom,Paperback,4.7,44283.0,https://www.amazon.in/Red-Notice-Bill-Browder/dp/0552170321/ref=zg_bs_g_1318177031_d_sccl_12/000-0000000-0000000?psc=1
5363,echo of old books,barbara davis,The Echo of Old Books: A Novel,Barbara Davis,in Later Romance Life,Kindle Edition,4.6,44002.0,https://www.amazon.in/Echo-Old-Books-Novel-ebook/dp/B0B9RNFT4S/ref=zg_bs_g_89265414031_d_sccl_17/000-0000000-0000000?psc=1
3635,sweetest oblivion (made book 1),danielle lori,The Sweetest Oblivion (Made Book 1),Danielle Lori,Thriller Mystery Literature Crime Fiction,Kindle Edition,4.3,43008.0,https://www.amazon.in/Sweetest-Oblivion-Made-Book-ebook/dp/B07DS4TZ93/ref=zg_bs_g_1318161031_d_sccl_6/000-0000000-0000000?psc=1
3009,"night circus,",erin morgenstern,"Night Circus, The",Erin Morgenstern,Fiction Horror Fantasy Science,Paperback,4.4,42825.0,https://www.amazon.in/Night-Circus-Vintage-Magic/dp/0099570297/ref=zg_bs_g_1318165031_d_sccl_10/000-0000000-0000000?psc=1
4324,caste,isabel wilkerson,"Caste: The International Bestseller [Paperback] Wilkerson, Isabel",Isabel Wilkerson,Politics Political Ideologies,Paperback,4.7,42580.0,https://www.amazon.in/Caste-International-Bestseller-Isabel-Wilkerson/dp/0141995467/ref=zg_bs_g_1318180031_d_sccl_25/000-0000000-0000000?psc=1
3305,maybe you should talk to someone,gottlieb lori,Maybe You Should Talk To Someone,Lori Gottlieb,Textbooks Education Higher Social Sciences,Paperback,4.6,42275.0,https://www.amazon.in/Maybe-You-Should-Talk-Someone/dp/9389143519/ref=zg_bs_g_4149727031_d_sccl_6/000-0000000-0000000?psc=1
5070,divine rivals,rebecca ross,Divine Rivals: The stunning YA romance fantasy Sunday Times number 1 bestseller: Book 1 (Letters of Enchantment),Rebecca Ross,Wholesome Clean Romance,Paperback,4.4,41694.0,https://www.amazon.in/Divine-Rivals-Rebecca-Ross/dp/000860066X/ref=zg_bs_g_89265408031_d_sccl_23/000-0000000-0000000?psc=1
702,one of us is lying,karen mcmanus,One Of Us Is Lying,Karen McManus,Books Children's Crime Thriller,Paperback,4.4,41325.0,https://www.amazon.in/One-Us-Lying-Karen-McManus/dp/0141375639/ref=zg_bs_g_1318086031_d_sccl_3/000-0000000-0000000?psc=1
5079,spanish love deception,armas elena,The Spanish Love Deception: TikTok made me buy it! The Goodreads Choice Awards Debut of the Year,Elena Armas,Wholesome Clean Romance,Kindle Edition,4.2,41217.0,https://www.amazon.in/Spanish-Love-Deception-TikTok-Goodreads-ebook/dp/B09FKGFJ5N/ref=zg_bs_g_89265408031_d_sccl_2/000-0000000-0000000?psc=1
347,never split difference,chris voss,Never Split the Difference : Negotiating as if Your Life Depended on It,Chris Voss,Strategy Analysis Economics Business,Paperback,4.6,41015.0,https://www.amazon.in/Never-Split-Difference-Negotiating-Depended/dp/1847941494/ref=zg_bs_g_1318070031_d_sccl_18/000-0000000-0000000?psc=1
3737,three,cixin liu,The Three-Body Problem: Soon to be a major Netflix series: 1,Cixin Liu,Literature Horror Fantasy Science Fiction,Paperback,4.5,40947.0,https://www.amazon.in/Three-Body-Problem-Cixin-Liu/dp/178497157X/ref=zg_bs_g_1402038031_d_sccl_8/000-0000000-0000000?psc=1
5765,"one,",john marrs,"One, The: Now a major Netflix series!",John Marrs,Fiction Romance Science,Paperback,4.3,39884.0,https://www.amazon.in/One-John-Marrs/dp/1785035622/ref=zg_bs_g_89265412031_d_sccl_12/000-0000000-0000000?psc=1
1563,"old man and sea, (l)",ernest hemingway,"Old Man and the Sea, The (L)",Ernest Hemingway,Books Children's Mysteries Curiosities,Paperback,4.4,39827.0,https://www.amazon.in/Old-Man-Sea-Ernest-Hemingway/dp/0099908409/ref=zg_bs_g_1318097031_d_sccl_14/000-0000000-0000000?psc=1
620,they both die at end,adam silvera,They Both Die at the End,Adam Silvera,Books Children's Computers Technology,Paperback,4.4,38822.0,https://www.amazon.in/They-Both-Die-at-End/dp/1471166201/ref=zg_bs_g_67803464031_d_sccl_21/000-0000000-0000000?psc=1
2676,secret history,donna tartt,Secret History,Donna Tartt,Suspense Thriller and Mystery Crime Thrillers,Paperback,4.4,37834.0,https://www.amazon.in/Secret-History-Donna-Tartt/dp/0140167773/ref=zg_bs_g_22960213031_d_sccl_27/000-0000000-0000000?psc=1
3793,christmas carol by charles dickens,charles dickens,A Christmas Carol by Charles Dickens - A Timeless Holiday Classic | Love and Compassion | A Gripping Story of Redemption and Forgiveness | Victorian England | A Masterpiece on Generosity and Empathy | Classic Literature,Charles Dickens,Fiction Humour Literature,Paperback,4.5,36639.0,https://www.amazon.in/Christmas-Carol-Charles-Dickens/dp/8175993278/ref=zg_bs_g_1318143031_d_sccl_14/000-0000000-0000000?psc=1
944,six of crows,bardugo leigh,Six of Crows: Crooked Kingdom,Leigh Bardugo,Books Children's Fantasy,Paperback,4.7,36600.0,https://www.amazon.in/Six-Crows-Crooked-Kingdom-Book/dp/1780622317/ref=zg_bs_g_67803457031_d_sccl_15/000-0000000-0000000?psc=1
294,12 years slave,northup solomon,12 years a slave : A true story (Fingerprint),Solomon Northup,Accounts True Diaries Biographies,Paperback,4.5,35938.0,https://www.amazon.in/12-Years-Slave-Solomon-Northup/dp/8175994479/ref=zg_bs_g_1318067031_d_sccl_15/000-0000000-0000000?psc=1
208,diary of young girl,anne frank,The Diary of A Young Girl,Anne Frank,Accounts True Biographies Autobiographies Diaries,Paperback,4.5,34935.0,https://www.amazon.in/Diary-Young-Girl-Anne-Frank/dp/8172345194/ref=zg_bs_g_1318065031_d_sccl_9/000-0000000-0000000?psc=1
3628,brutal prince,lark sophie,Brutal Prince: An Enemies To Lovers Mafia Romance (Brutal Birthright Book 1),Sophie Lark,Thriller Mystery Literature Crime Fiction,Kindle Edition,4.2,34628.0,https://www.amazon.in/Brutal-Prince-Enemies-Romance-Birthright-ebook/dp/B08BNLPH6D/ref=zg_bs_g_1318161031_d_sccl_29/000-0000000-0000000?psc=1
3041,hidden pictures,jason rekulak,Hidden Pictures: ‘The boldest double twist of the year’ The Times,Jason Rekulak,Fiction Horror Fantasy Science,Paperback,4.4,34395.0,https://www.amazon.in/Hidden-Pictures-boldest-double-twist/dp/0751583707/ref=zg_bs_g_1318165031_d_sccl_12/000-0000000-0000000?psc=1
5622,broken bonds ( bonds that tie book 1),bree j,Broken Bonds (The Bonds that Tie Book 1),J Bree,Paranormal Romance,Kindle Edition,4.6,33753.0,https://www.amazon.in/Broken-Bonds-that-Tie-Book-ebook/dp/B09462KFD8/ref=zg_bs_g_89265410031_d_sccl_19/000-0000000-0000000?psc=1
496,spot,eric hill,Spot - Original Lift The Flap,Eric Hill,Books Children's Pets Animals,Paperback,4.7,33564.0,https://www.amazon.in/Wheres-Spot-Original-Lift-Flap/dp/0723263663/ref=zg_bs_g_67803455031_d_sccl_17/000-0000000-0000000?psc=1
5852,consider me,becka mack,Consider Me: 1 (Playing for Keeps),Becka Mack,Romance Sports,Paperback,4.3,32987.0,https://www.amazon.in/Consider-Me-1-Playing-Keeps/dp/176142582X/ref=zg_bs_g_89265407031_d_sccl_29/000-0000000-0000000?psc=1
912,wicked king ( folk of air #2),black holly,The Wicked King (The Folk of the Air #2),Holly Black,Books Children's Fantasy,Paperback,4.6,32823.0,https://www.amazon.in/Wicked-King-Folk-Air/dp/1471408655/ref=zg_bs_g_67803457031_d_sccl_13/000-0000000-0000000?psc=1
5345,five,elin hilderbrand,The Five-Star Weekend,Elin Hilderbrand,Romance Holidays,Kindle Edition,4.4,32104.0,https://www.amazon.in/Five-Star-Weekend-Elin-Hilderbrand-ebook/dp/B0BWRDM829/ref=zg_bs_g_89265411031_d_sccl_19/000-0000000-0000000?psc=1
3,greenlights,matthew mcconaughey,Greenlights: Raucous stories and outlaw wisdom from the Academy Award-winning actor,Matthew McConaughey,Arts Photography Broadcast Cinema Film,Paperback,4.6,32040.0,https://www.amazon.in/Greenlights-Raucous-stories-Academy-Award-winning/dp/1472280873/ref=zg_bs_g_1318054031_d_sccl_4/000-0000000-0000000?psc=1
743,curious incident of dog in night,haddon mark,The Curious Incident of the Dog in the Night-time : Vintage Children's Classics,Mark Haddon,Books Children's Crime Thriller,Paperback,4.2,31988.0,https://www.amazon.in/Curious-Incident-Night-time-Childrens-Classics/dp/0099572834/ref=zg_bs_g_1318086031_d_sccl_14/000-0000000-0000000?psc=1
414,elon musk,ashlee vance,Elon Musk,Ashlee Vance,Industries Economics Business,Audible Audiobook,4.5,31987.0,https://www.amazon.in/Elon-Musk/dp/B079WTJ4F2/ref=zg_bs_g_1318071031_d_sccl_15/000-0000000-0000000?psc=1
307,5 am club,robin sharma,The 5 AM Club,Robin Sharma,Strategy Analysis Economics Business,Paperback,4.5,31455.0,https://www.amazon.in/AM-Club-Your-Morning-Elevate/dp/9387944891/ref=zg_bs_g_1318070031_d_sccl_8/000-0000000-0000000?psc=1
3472,"publication manual of american psychological association, 7th",american association psychological,"PUBLICATION MANUAL OF THE AMERICAN PSYCHOLOGICAL ASSOCIATION, 7TH EDITION",American Psychological Association,Language Guides Writing Linguistics,Paperback,4.8,31293.0,https://www.amazon.in/PUBLICATION-MANUAL-AMERICAN-PSYCHOLOGICAL-ASSOCIATION/dp/143383216X/ref=zg_bs_g_1318151031_d_sccl_23/000-0000000-0000000?psc=1
4215,spy and traitor,ben macintyre,"The Spy and the Traitor: The Greatest Espionage Story of the Cold War MacIntyre, Ben",Ben MacIntyre,Security Politics Freedom,Paperback,4.7,30730.0,https://www.amazon.in/Spy-Traitor-Greatest-Espionage-Story/dp/0241972132/ref=zg_bs_g_1318177031_d_sccl_16/000-0000000-0000000?psc=1
309,zero to one (l),peter thiel,Zero to One (L),Peter Thiel,Strategy Analysis Economics Business,Paperback,4.5,30431.0,https://www.amazon.in/Zero-One-Start-Build-Future/dp/0753555190/ref=zg_bs_g_1318070031_d_sccl_10/000-0000000-0000000?psc=1
852,book thief,markus zusak,The Book Thief,Markus Zusak,Books Children's Family Issues Social Personal,Paperback,4.6,30372.0,https://www.amazon.in/Book-Thief-Definitions-Young-Adult/dp/1909531618/ref=zg_bs_g_1318077031_d_sccl_3/000-0000000-0000000?psc=1
730,holes,louis sachar,Holes,Louis Sachar,Books Children's Crime Thriller,Paperback,4.7,29742.0,https://www.amazon.in/Holes-Louis-Sachar/dp/1408886987/ref=zg_bs_g_1318086031_d_sccl_1/000-0000000-0000000?psc=1
4270,promised land,barack obama,A Promised Land,Barack Obama,Relations Globalization Politics International,Audible Audiobook,4.6,29378.0,https://www.amazon.in/A-Promised-Land/dp/B08JCS99NG/ref=zg_bs_g_1318179031_d_sccl_21/000-0000000-0000000?psc=1
308,"thinking, fast & slow (l)",daniel kahneman,"Thinking, Fast & Slow (L)",Daniel Kahneman,Strategy Analysis Economics Business,Paperback,4.5,29338.0,https://www.amazon.in/Thinking-Fast-Penguin-Press-Non-Fiction/dp/0141033576/ref=zg_bs_g_1318070031_d_sccl_9/000-0000000-0000000?psc=1
7753,twilight,meyer stephenie,TWILIGHT,Stephenie Meyer,Adult Teen Young Fantasy Science Fiction,Paperback,4.5,29233.0,https://www.amazon.in/TWILIGHT-Stephenie-Meyer/dp/1904233651/ref=zg_bs_g_67803449031_d_sccl_26/000-0000000-0000000?psc=1
293,choice,edith eger,The Choice : A true story of hope,Edith Eger,Accounts True Diaries Biographies,Paperback,4.7,28713.0,https://www.amazon.in/Choice-true-story-hope/dp/1846045126/ref=zg_bs_g_1318067031_d_sccl_14/000-0000000-0000000?psc=1
6292,why we sleep,matthew walker,Why We Sleep: The New Science of Sleep and Dreams,Matthew Walker,Biology Life Technology Sciences Medicine,Audible Audiobook,4.5,28700.0,https://www.amazon.in/Why-We-Sleep-Science-Dreams/dp/B077XN7889/ref=zg_bs_g_1318206031_d_sccl_19/000-0000000-0000000?psc=1
854,wonderful things you will be,emily martin winfield,The Wonderful Things You Will Be,Emily Winfield Martin,Books Children's Family Issues Social Personal,Hardcover,4.4,28636.0,https://www.amazon.in/Wonderful-Things-You-Will-Be/dp/0241446953/ref=zg_bs_g_1318077031_d_sccl_5/000-0000000-0000000?psc=1
867,boy in striped pyjamas,boyne john,"The Boy in the Striped Pyjamas: Read John Boyne�s powerful classic ahead of the sequel ALL THE BROKEN PLACES [Paperback] Boyne, John",John Boyne,Books Children's Family Issues Social Personal,Paperback,4.6,28155.0,https://www.amazon.in/Striped-Pyjamas-Vintage-Childrens-Classics/dp/0099572869/ref=zg_bs_g_1318077031_d_sccl_18/000-0000000-0000000?psc=1
2670,yellow face,f kuang rebecca,Yellow Face: The instant #1 Sunday Times bestseller and Reese Witherspoon Book Club pick from author R.F. Kuang,Rebecca F Kuang,Suspense Thriller and Mystery Crime Thrillers,Paperback,4.0,28118.0,https://www.amazon.in/Yellow-Face-instant-bestseller-Witherspoon/dp/0008657750/ref=zg_bs_g_22960213031_d_sccl_21/000-0000000-0000000?psc=1
4551,think like monk 1st,jay shetty,Think Like a Monk 1st edition - Train your M,Jay Shetty,Religion Buddhism,Paperback,4.6,28099.0,https://www.amazon.in/Think-Like-Monk-Jay-Shetty/dp/0008386595/ref=zg_bs_g_1318190031_d_sccl_2/000-0000000-0000000?psc=1
305,rich dad poor dad,kiyosaki robert t.,Rich Dad Poor Dad: 25th Anniversary Edit,Robert T. Kiyosaki,Strategy Analysis Economics Business,Paperback,4.5,28063.0,https://www.amazon.in/Rich-Dad-Poor-Middle-Anniversary/dp/1612681131/ref=zg_bs_g_1318070031_d_sccl_6/000-0000000-0000000?psc=1
939,charlotte's web ( puffin book),b e white,Charlotte's Web (A Puffin Book),E B White,Books Children's Fantasy,Paperback,4.6,27899.0,https://www.amazon.in/Charlottes-Web-Puffin-Book-White/dp/0141354828/ref=zg_bs_g_67803457031_d_sccl_10/000-0000000-0000000?psc=1
312,deep work,cal newport,"Deep Work: Rules for Focused Success in a Distracted World [Paperback] Newport, Cal",Cal Newport,Strategy Analysis Economics Business,Paperback,4.5,27774.0,https://www.amazon.in/Deep-Work-Focused-Success-Distracted/dp/0349413681/ref=zg_bs_g_1318070031_d_sccl_13/000-0000000-0000000?psc=1
7298,mamba mentality,bryant kobe,The Mamba Mentality,Kobe Bryant,Coaching Training Sports,Hardcover,4.8,27628.0,https://www.amazon.in/Mamba-Mentality-How-Play/dp/0374201234/ref=zg_bs_g_1318279031_d_sccl_21/000-0000000-0000000?psc=1
5443,ruthless creatures,geissinger j.t.,Ruthless Creatures: Queens and Monsters Book 1,J.T. Geissinger,Romance Mafia,Kindle Edition,4.4,27291.0,https://www.amazon.in/Ruthless-Creatures-Queens-Monsters-Book-ebook/dp/B0CNNK1QKC/ref=zg_bs_g_92041939031_d_sccl_20/000-0000000-0000000?psc=1
6482,immortal life of henrietta lacks (picador classic),rebecca skloot,The Immortal Life of Henrietta Lacks (Picador Classic),Rebecca Skloot,Sciences Society Ethnography Social,Paperback,4.5,26697.0,https://www.amazon.in/Immortal-Henrietta-Lacks-Picador-Classic/dp/1509877029/ref=zg_bs_g_26437177031_d_sccl_9/000-0000000-0000000?psc=1
4478,breath,james nestor,Breath,James Nestor,Reference Information Library Science,Paperback,4.6,26363.0,https://www.amazon.in/Breath-Lost-Science-Misunderstood-Function/dp/0241289084/ref=zg_bs_g_1318187031_d_sccl_29/000-0000000-0000000?psc=1
7463,sanatorium,pearse sarah,The Sanatorium : The spine-tingling #1 Sunday Times bestseller and Reese Witherspoon Book Club Pick,Sarah Pearse,Winter Sports,Paperback,3.8,26219.0,https://www.amazon.in/Sanatorium-spine-tingling-bestseller-Witherspoon-Detective/dp/0552177318/ref=zg_bs_g_1318289031_d_sccl_6/000-0000000-0000000?psc=1
804,girl who drank moon,barnhill kelly,Girl Who Drank The Moon,Kelly Barnhill,Folk Books Children's Fairy Myths Tales,Paperback,4.5,25969.0,https://www.amazon.in/Girl-Who-Drank-Moon/dp/1848126476/ref=zg_bs_g_67803462031_d_sccl_5/000-0000000-0000000?psc=1
3565,bell bell jar,plath sylvia,Bell the Bell Jar,Sylvia Plath,Fiction Classic Literature,Paperback,4.3,25695.0,https://www.amazon.in/Bell-Jar-Sylvia-Plath/dp/9357025995/ref=zg_bs_g_1318159031_d_sccl_16/000-0000000-0000000?psc=1
200,tuesdays with morrie,albom mitch,"Tuesdays With Morrie: An old man, a young man, and life's greatest lesson [Paperback] Albom, Mitch",Mitch Albom,Accounts True Biographies Autobiographies Diaries,Paperback,4.6,25023.0,https://www.amazon.in/Tuesdays-Morrie-greatest-lesson-Paperback/dp/0751527378/ref=zg_bs_g_1318065031_d_sccl_1/000-0000000-0000000?psc=1
5615,keeper of enchanted rooms (whimbrel house book 1),charlie holmberg n.,Keeper of Enchanted Rooms (Whimbrel House Book 1),Charlie N. Holmberg,Paranormal Romance,Kindle Edition,4.5,24997.0,https://www.amazon.in/Keeper-Enchanted-Rooms-Charlie-Holmberg-ebook/dp/B09MCY9Y34/ref=zg_bs_g_89265410031_d_sccl_12/000-0000000-0000000?psc=1
706,inheritance games,barnes jennifer lynn,The Inheritance Games,Jennifer Lynn Barnes,Books Children's Crime Thriller,Paperback,4.5,24867.0,https://www.amazon.in/Inheritance-Games-Jennifer-Lynn-Barnes/dp/0241476178/ref=zg_bs_g_1318086031_d_sccl_7/000-0000000-0000000?psc=1
3668,we should all be feminists,adichie chimamanda ngozi,WE SHOULD ALL BE FEMINISTS,Chimamanda Ngozi Adichie,Fiction Essays Literature,Paperback,4.6,24832.0,https://www.amazon.in/WE-SHOULD-ALL-BE-FEMINISTS/dp/0008115273/ref=zg_bs_g_1318172031_d_sccl_19/000-0000000-0000000?psc=1
3619,god of malice,kent rina,God of Malice: A Dark College Romance (Legacy of Gods Book 1),Rina Kent,Thriller Mystery Literature Crime Fiction,Kindle Edition,4.4,24733.0,https://www.amazon.in/God-Malice-College-Romance-Legacy-ebook/dp/B09Z9K12P2/ref=zg_bs_g_1318161031_d_sccl_20/000-0000000-0000000?psc=1
245,everything i know about love,alderton dolly,Everything I Know About Love : Now a Major BBC One Series,Dolly Alderton,Accounts True Biographies Autobiographies Diaries,Paperback,4.4,24494.0,https://www.amazon.in/Everything-I-Know-About-Love/dp/0241982103/ref=zg_bs_g_1318065031_d_sccl_16/000-0000000-0000000?psc=1
4770,body keeps score,bessel der kolk van,"The Body Keeps the Score: Mind, Brain and Body in the Transformation of Trauma",Bessel van der Kolk,Age Spirituality Religion New,Paperback,4.7,24109.0,https://www.amazon.in/Body-Keeps-Score-Bessel-Kolk/dp/0141978619/ref=zg_bs_g_10533825031_d_sccl_21/000-0000000-0000000?psc=1
2687,rebecca,daphne du maurier,REBECCA,Daphne Du Maurier,Suspense Thriller and Mystery Crime Thrillers,Paperback,4.5,23989.0,https://www.amazon.in/Rebecca-Virago-Modern-Classics-Maurier/dp/1844080382/ref=zg_bs_g_22960213031_d_sccl_8/000-0000000-0000000?psc=1
336,who moved my cheese?,dr johnson spencer,"Who Moved My Cheese?: An Amazing Way to Deal with Change in Your Work and in Your Life [Paperback] Johnson, Dr Spencer",Dr Spencer Johnson,Strategy Analysis Economics Business,Paperback,4.6,23863.0,https://www.amazon.in/Who-Moved-My-Cheese-Amazing/dp/0091816971/ref=zg_bs_g_1318070031_d_sccl_7/000-0000000-0000000?psc=1
6631,born to run,christopher mcdougall,"Born to Run: A Hidden Tribe, Superathletes, and the Greatest Race the World Has Never Seen",Christopher Mcdougall,Active Outdoor Pursuits Sports,Paperback,4.6,23376.0,https://www.amazon.in/Born-Run-Hidden-Superathletes-Greatest/dp/0307279189/ref=zg_bs_g_1318225031_d_sccl_8/000-0000000-0000000?psc=1
1171,long walk to water,linda park sue,A Long Walk to Water: International Bestseller Based on a True Story,Linda Sue Park,Books Children's Historical Fiction,Paperback,4.7,23369.0,https://www.amazon.in/Long-Walk-Water-Based-Story/dp/1786074621/ref=zg_bs_g_1318088031_d_sccl_22/000-0000000-0000000?psc=1
4975,devil wears black,l.j. shen,The Devil Wears Black,L.J. Shen,Male Alpha Romance,Kindle Edition,4.5,23337.0,https://www.amazon.in/Devil-Wears-Black-L-J-Shen-ebook/dp/B087WJD1MJ/ref=zg_bs_g_92041942031_d_sccl_28/000-0000000-0000000?psc=1
6633,bushcraft 101,canterbury dave,Bushcraft 101,Dave Canterbury,Active Outdoor Pursuits Sports,Paperback,4.7,23302.0,https://www.amazon.in/Bushcraft-101-Field-Wilderness-Survival/dp/1440579776/ref=zg_bs_g_1318225031_d_sccl_10/000-0000000-0000000?psc=1
3018,frankenstein (amazonclassics ),mary shelley,Frankenstein (AmazonClassics Edition),Mary Shelley,Fiction Horror Fantasy Science,Kindle Edition,4.4,23241.0,https://www.amazon.in/Frankenstein-AmazonClassics-Mary-Shelley-ebook/dp/B06ZXT4MRB/ref=zg_bs_g_1318165031_d_sccl_19/000-0000000-0000000?psc=1
5175,same time next year,bailey tessa,Same Time Next Year: A Novella,Tessa Bailey,Romance Contemporary,Kindle Edition,3.8,23011.0,https://www.amazon.in/Same-Time-Next-Year-Novella-ebook/dp/B0CHWQPB49/ref=zg_bs_g_2590357031_d_sccl_29/000-0000000-0000000?psc=1
3348,sorrow and bliss,mason meg,SORROW AND BLISS: A BBC Two Between the Covers pick,Meg Mason,Textbooks Education Higher Social Sciences,Paperback,4.2,22657.0,https://www.amazon.in/Sorrow-Bliss-Between-Covers-pick/dp/1474622992/ref=zg_bs_g_4149727031_d_sccl_19/000-0000000-0000000?psc=1
1327,day crayons quit,daywalt drew,The Day The Crayons Quit,Drew Daywalt,Books Children's Humour,Paperback,4.7,22605.0,https://www.amazon.in/Day-Crayons-Quit-Drew-Daywalt/dp/0008167923/ref=zg_bs_g_1318080031_d_sccl_28/000-0000000-0000000?psc=1
5844,throttled (dirty air series book 1),asher lauren,Throttled (Dirty Air Series Book 1),Lauren Asher,Romance Sports,Kindle Edition,4.2,22129.0,https://www.amazon.in/Throttled-Forbidden-Sports-Romance-Dirty-ebook/dp/B08154T243/ref=zg_bs_g_89265407031_d_sccl_21/000-0000000-0000000?psc=1
5712,wuthering heights,brontë emily,Wuthering Heights,Emily Brontë,Suspense Romance Romantic,Paperback,4.4,22109.0,https://www.amazon.in/Wuthering-Heights-Emily-Bront%C3%AB/dp/8172344899/ref=zg_bs_g_2590360031_d_sccl_9/000-0000000-0000000?psc=1
40,will,smith will,Will,Will Smith,Arts Photography Broadcast Cinema Film,Audible Audiobook,4.6,22078.0,https://www.amazon.in/Audible-Will/dp/B097N8BQ7W/ref=zg_bs_g_1318054031_d_sccl_11/000-0000000-0000000?psc=1
923,hitchhiker's guide to galaxy,adams douglas,"The Hitchhiker's Guide to the Galaxy: 42nd Anniversary Edition (The Hitchhiker's Guide to the Galaxy, 1)",Douglas Adams,Books Children's Fantasy,Paperback,4.4,22039.0,https://www.amazon.in/Hitchhikers-Guide-Galaxy-42nd-Anniversary/dp/1529034523/ref=zg_bs_g_67803457031_d_sccl_24/000-0000000-0000000?psc=1
2688,next in line,archer jeffrey,"Next in Line : The latest book from the Sunday Times bestselling author, the must-read new crime-thriller of 2022 (William Warwick Novels): The ... from the Sunday Times bestselling author.",Jeffrey Archer,Suspense Thriller and Mystery Crime Thrillers,Paperback,4.4,22014.0,https://www.amazon.in/Next-Line-bestselling-must-read-crime-thriller/dp/0008523231/ref=zg_bs_g_22960213031_d_sccl_9/000-0000000-0000000?psc=1
6441,factfulness,hans rosling,Factfulness,Hans Rosling,Anthropology Sciences Society Social,Hardcover,4.6,21928.0,https://www.amazon.in/Factfulness-Reasons-Wrong-Things-Better/dp/1473637465/ref=zg_bs_g_1318217031_d_sccl_18/000-0000000-0000000?psc=1
6469,outliers,gladwell malcolm,Outliers: The Story of Success,Malcolm Gladwell,Anthropology Sciences Society Social,Audible Audiobook,4.4,21918.0,https://www.amazon.in/Outliers-The-Story-of-Success/dp/B072BMM2HP/ref=zg_bs_g_1318217031_d_sccl_16/000-0000000-0000000?psc=1
2389,kitchen confidential,anthony bourdain,Kitchen Confidential,Anthony Bourdain,Food Entertaining Lifestyle Drink Crafts Home,Kindle Edition,4.5,21869.0,https://www.amazon.in/Kitchen-Confidential-Anthony-Bourdain-ebook/dp/B004U9J9GS/ref=zg_bs_g_1318120031_d_sccl_10/000-0000000-0000000?psc=1
7700,we'll always have summer,han jenny,We'll Always Have Summer : Book 3 in the Summer I Turned Pretty Series,Jenny Han,Adult Romance Young Teen,Paperback,4.3,21826.0,https://www.amazon.in/Well-Always-Have-Summer-Jenny/dp/0141330562/ref=zg_bs_g_67803438031_d_sccl_23/000-0000000-0000000?psc=1
5232,king of greed,ana huang,King of Greed: the instant Sunday Times bestseller - fall into a world of addictive romance . . . (Kings of Sin),Ana Huang,Lovers to Romance Enemies,Kindle Edition,4.3,21697.0,https://www.amazon.in/King-Greed-Kings-Sin-Huang-ebook/dp/B0BZVQRW11/ref=zg_bs_g_92041935031_d_sccl_6/000-0000000-0000000?psc=1
5372,one day with you,low shari,One Day With You: THE NUMBER ONE BESTSELLER,Shari Low,in Later Romance Life,Kindle Edition,4.4,21432.0,https://www.amazon.in/One-Day-You-uplifting-friendship-ebook/dp/B0BGX8SM78/ref=zg_bs_g_89265414031_d_sccl_26/000-0000000-0000000?psc=1
576,dog man #03,dav pilkey,DOG MAN #03: A TALE OF TWO KITTIES,Dav Pilkey,Books Children's Novels Graphic Comics,Hardcover,4.6,21342.0,https://www.amazon.in/DOG-MAN-03-TALE-KITTIES/dp/9352752945/ref=zg_bs_g_1318074031_d_sccl_27/000-0000000-0000000?psc=1
5840,offside (rules of game),avery keelan,Offside (Rules of the Game),Avery Keelan,Romance Sports,Kindle Edition,4.3,21306.0,https://www.amazon.in/Offside-Rules-Game-Book-1-ebook/dp/B0BCL3JCWY/ref=zg_bs_g_89265407031_d_sccl_17/000-0000000-0000000?psc=1
3678,inner engineering,sadhguru,Inner Engineering: A Yogi’s Guide to Joy,Sadhguru,Fiction Essays Literature,Kindle Edition,4.6,21283.0,https://www.amazon.in/Inner-Engineering-Yogis-Guide-Joy-ebook/dp/B06XXN19Y9/ref=zg_bs_g_1318172031_d_sccl_29/000-0000000-0000000?psc=1
3669,big magic,elizabeth gilbert,Big Magic,Elizabeth Gilbert,Fiction Essays Literature,Paperback,4.5,21267.0,https://www.amazon.in/Big-Magic-Creative-Living-Beyond/dp/1408886189/ref=zg_bs_g_1318172031_d_sccl_20/000-0000000-0000000?psc=1
6478,crying in h mart,michelle zauner,Crying in H Mart,Michelle Zauner,Sciences Society Ethnography Social,Paperback,4.4,21258.0,https://www.amazon.in/Crying-H-Mart-Michelle-Zauner/dp/1529033799/ref=zg_bs_g_26437177031_d_sccl_5/000-0000000-0000000?psc=1
5169,black ties and white lies,kat singleton,Black Ties and White Lies: A Billionaire Fake Fiance Romance (Black Tie Billionaires),Kat Singleton,Romance Contemporary,Kindle Edition,4.2,20665.0,https://www.amazon.in/Black-Ties-White-Lies-Billionaire-ebook/dp/B0BHL1JX9P/ref=zg_bs_g_2590357031_d_sccl_23/000-0000000-0000000?psc=1
205,make you bed,h. mcraven william,Make You Bed,William H. McRaven,Accounts True Biographies Autobiographies Diaries,Hardcover,4.5,20651.0,https://www.amazon.in/Make-Your-Bed-William-McRaven/dp/0718188861/ref=zg_bs_g_1318065031_d_sccl_6/000-0000000-0000000?psc=1
7280,open,agassi andre,Open: An Autobiography,Andre Agassi,Coaching Training Sports,Kindle Edition,4.6,20621.0,https://www.amazon.in/Open-Autobiography-Andre-Agassi-ebook/dp/B002VYJYR8/ref=zg_bs_g_1318279031_d_sccl_3/000-0000000-0000000?psc=1
3955,unnatural causes,dr richard shepherd,"Unnatural Causes: 'An absolutely brilliant book. I really recommend it, I don't often say that' Jeremy Vine, BBC Radio 2 [Paperback] Shepherd, Richard",Dr Richard Shepherd,Policy Administration Health Medicine Sciences,Paperback,4.6,20609.0,https://www.amazon.in/Unnatural-Causes-absolutely-brilliant-recommend/dp/1405923539/ref=zg_bs_g_4149550031_d_sccl_6/000-0000000-0000000?psc=1
5210,dante,kincaid sadie,"Dante: A Dark Mafia, Enemies to Lovers Romance (Chicago Ruthless Book 1)",Sadie  Kincaid,Lovers to Romance Enemies,Kindle Edition,4.3,20571.0,https://www.amazon.in/Dante-Enemies-Romance-Chicago-Ruthless-ebook/dp/B0BKGLB7LY/ref=zg_bs_g_92041935031_d_sccl_14/000-0000000-0000000?psc=1
4963,give me more (salacious players' club),cate sara,Give Me More (Salacious Players' Club),Sara Cate,Male Alpha Romance,Kindle Edition,4.4,20570.0,https://www.amazon.in/Give-More-Salacious-Players-Club-ebook/dp/B09NJGSCXW/ref=zg_bs_g_92041942031_d_sccl_16/000-0000000-0000000?psc=1
6397,endurance,alfred lansing,Endurance: Shackleton's Incredible Voyage,Alfred Lansing,Sciences Automotive Technology Transportation Medicine,Paperback,4.8,20221.0,https://www.amazon.in/Endurance-Shackletons-Incredible-Voyage-Anniversary/dp/0465062881/ref=zg_bs_g_1318215031_d_sccl_24/000-0000000-0000000?psc=1
0,complete of sherlock holmes,arthur conan doyle,The Complete Novel of Sherlock Holmes,Arthur Conan Doyle,Arts Photography Broadcast Cinema Film,Paperback,4.4,19923.0,https://www.amazon.in/Complete-Novels-Sherlock-Holmes/dp/8175994312/ref=zg_bs_g_1318054031_d_sccl_1/000-0000000-0000000?psc=1
6421,wright brothers,david mccullough,The Wright Brothers,David McCullough,Sciences Automotive Technology Transportation Medicine,Paperback,4.5,19915.0,https://www.amazon.in/Wright-Brothers-Dramatic-Story-Behind-Story/dp/1471150380/ref=zg_bs_g_1318215031_d_sccl_18/000-0000000-0000000?psc=1
6637,into thin air,jon krakauer,Into Thin Air,Jon Krakauer,Active Outdoor Pursuits Sports,Audible Audiobook,4.6,19823.0,https://www.amazon.in/Into-Thin-Air/dp/B07CNCNJXG/ref=zg_bs_g_1318225031_d_sccl_14/000-0000000-0000000?psc=1
443,phoenix project,gene kim,"The Phoenix Project: A Novel about It, Devops, and Helping Your Business Win",Gene Kim,Industries Economics Business,Paperback,4.6,19613.0,https://www.amazon.in/Phoenix-Project-Devops-Helping-Business/dp/1942788290/ref=zg_bs_g_1318071031_d_sccl_14/000-0000000-0000000?psc=1
2963,"immortals of meluha (shiva trilogy book 1) (shiva, 1)",amish tripathi,"The Immortals of Meluha (Shiva Trilogy Book 1) (Shiva, 1)",Amish Tripathi,Fiction Horror Fantasy Science,Paperback,4.6,19571.0,https://www.amazon.in/Immortals-Meluha-Shiva-Trilogy-Book/dp/9356290520/ref=zg_bs_g_1318163031_d_sccl_14/000-0000000-0000000?psc=1
6387,lincoln lawyer,connelly michael,THE LINCOLN LAWYER: MICKEY HALLER BOOK 1 (Mickey Haller Series),Michael Connelly,Sciences Automotive Technology Transportation Medicine,Paperback,4.6,19243.0,https://www.amazon.in/Lincoln-Lawyer-Mickey-Haller/dp/1409156052/ref=zg_bs_g_1318215031_d_sccl_14/000-0000000-0000000?psc=1
3576,siddhartha,hermann hesse,Siddhartha,Hermann Hesse,Fiction Classic Literature,Paperback,4.5,19200.0,https://www.amazon.in/Siddhartha-Hermann-Hesse/dp/817234368X/ref=zg_bs_g_1318159031_d_sccl_27/000-0000000-0000000?psc=1
4952,bound by honor (born in blood mafia chronicles book 1),cora reilly,Bound by Honor (Born in Blood Mafia Chronicles Book 1),Cora Reilly,Male Alpha Romance,Kindle Edition,4.2,19136.0,https://www.amazon.in/Bound-Honor-Blood-Mafia-Chronicles-ebook/dp/B00PUS8AEK/ref=zg_bs_g_92041942031_d_sccl_5/000-0000000-0000000?psc=1
5821,indigo ridge,devney perry,Indigo Ridge: (The Edens #1),Devney Perry,Small Town Romance,Kindle Edition,4.4,19054.0,https://www.amazon.in/Indigo-Ridge-Edens-Devney-Perry-ebook/dp/B0CHHZSH2J/ref=zg_bs_g_92041937031_d_sccl_18/000-0000000-0000000?psc=1
520,little blue truck,alice schertle,Little Blue Truck,Alice Schertle,That Trains Books Children's Cars Things Go,Board book,4.9,19039.0,https://www.amazon.in/Little-Blue-Truck-Alice-Schertle/dp/0857637347/ref=zg_bs_g_67803460031_d_sccl_21/000-0000000-0000000?psc=1
4401,shrimad bhagwat geeta yatharoop,a.c. bhaktivendanta prabhupada swami,Shrimad Bhagwat Geeta Yatharoop,A.C. Bhaktivendanta Swami Prabhupada,Reference Encyclopaedias Works,Hardcover,4.8,18815.0,https://www.amazon.in/Bhagavad-Gita-Bhaktivendanta-Swami-Prabhupada/dp/938598618X/ref=zg_bs_g_1318186031_d_sccl_2/000-0000000-0000000?psc=1
5744,barbarian alien,dixon ruby,Barbarian Alien: A SciFi Alien Romance (Ice Planet Barbarians Book 2),Ruby Dixon,Fiction Romance Science,Kindle Edition,4.2,18814.0,https://www.amazon.in/Barbarian-Alien-Romance-Planet-Barbarians-ebook/dp/B010CTNIH0/ref=zg_bs_g_89265412031_d_sccl_21/000-0000000-0000000?psc=1
1340,"book with no pictures,",b. j. novak,"Book With No Pictures, The",B. J. Novak,Books Children's Humour,Paperback,4.7,18706.0,https://www.amazon.in/Book-No-Pictures-B-Novak/dp/0141361794/ref=zg_bs_g_1318080031_d_sccl_11/000-0000000-0000000?psc=1
709,one of us is next,karen m. mcmanus,One Of Us Is Next,Karen M. McManus,Books Children's Crime Thriller,Paperback,4.5,18553.0,https://www.amazon.in/One-Us-Next-Karen-McManus/dp/0241376920/ref=zg_bs_g_1318086031_d_sccl_10/000-0000000-0000000?psc=1
4272,prisoners of geography,marshall tim,Prisoners of Geography,Tim Marshall,Relations Globalization Politics International,Paperback,4.6,18545.0,https://www.amazon.in/Prisoners-Geography-Everything-Global-Politics/dp/1783962437/ref=zg_bs_g_1318179031_d_sccl_23/000-0000000-0000000?psc=1
3040,weyward,emilia hart,Weyward: The Richard & Judy Book Club Pick,Emilia Hart,Fiction Horror Fantasy Science,Paperback,4.4,18423.0,https://www.amazon.in/Weyward-Discover-original-unforgettable-everyone/dp/0008541078/ref=zg_bs_g_1318165031_d_sccl_11/000-0000000-0000000?psc=1
5548,pucking wrong number,c.r. jane,The Pucking Wrong Number: A Hockey Romance (The Pucking Wrong Series Book 1),C.R. Jane,Adult New Romance College,Kindle Edition,4.0,18331.0,https://www.amazon.in/Pucking-Wrong-Number-Hockey-Romance-ebook/dp/B0BYWR9N4G/ref=zg_bs_g_92041934031_d_sccl_25/000-0000000-0000000?psc=1
3450,word power made easy [] norman lewis,lewis norman,Word Power Made Easy [Paperback] Norman Lewis,Norman Lewis,Language Guides Writing Linguistics,Paperback,4.4,18279.0,https://www.amazon.in/Word-Power-Made-Norman-Lewis/dp/0143424688/ref=zg_bs_g_1318151031_d_sccl_1/000-0000000-0000000?psc=1
2989,court of thorns and roses box set (5 books),j. maas sarah,A Court of Thorns and Roses Paperback Box Set (5 books),Sarah J. Maas,Fiction Horror Fantasy Science,Product Bundle,4.8,18234.0,https://www.amazon.in/Court-Thorns-Roses-Paperback-books/dp/1526662221/ref=zg_bs_g_1318163031_d_sccl_10/000-0000000-0000000?psc=1
300,7 habits of highly effective people,covey r. stephen,The 7 Habits of Highly Effective People: Infographics Edition: Powerful Lessons in Personal Change,Stephen R. Covey,Strategy Analysis Economics Business,Kindle Edition,4.5,18213.0,https://www.amazon.in/Habits-Highly-Effective-People-Powerful-ebook/dp/B01069X4H0/ref=zg_bs_g_1318070031_d_sccl_1/000-0000000-0000000?psc=1
405,grit (l),angela duckworth,Grit (L),Angela Duckworth,Industries Economics Business,Paperback,4.5,18186.0,https://www.amazon.in/Grit-passion-resilience-secrets-success/dp/1785040200/ref=zg_bs_g_1318071031_d_sccl_6/000-0000000-0000000?psc=1
5221,kill switch (devil's night book 3),douglas penelope,Kill Switch (Devil's Night Book 3),Penelope Douglas,Lovers to Romance Enemies,Kindle Edition,4.6,17934.0,https://www.amazon.in/Kill-Switch-Devils-Night-Book-ebook/dp/B07NK59922/ref=zg_bs_g_92041935031_d_sccl_25/000-0000000-0000000?psc=1
304,beginner's guide to stock market,kratter matthew r.,A Beginner's Guide to the Stock Market,Matthew R. Kratter,Strategy Analysis Economics Business,Kindle Edition,4.2,17879.0,https://www.amazon.in/Beginners-Guide-Stock-Market-Everything-ebook/dp/B07S31TBF5/ref=zg_bs_g_1318070031_d_sccl_5/000-0000000-0000000?psc=1
6492,autobiography of malcolm x,malcolm x,Autobiography of Malcolm X,MALCOLM X,Sciences Society Ethnography Social,Mass Market Paperback,4.6,17843.0,https://www.amazon.in/Autobiography-Malcolm-X-MALCOLM/dp/0345350685/ref=zg_bs_g_26437177031_d_sccl_19/000-0000000-0000000?psc=1
3141,compound effect,darren hardy,The Compound Effect,Darren Hardy,Development Self-Help Family Health Personal,Paperback,4.6,17727.0,https://www.amazon.in/Compound-Effect-Darren-Hardy/dp/9390924634/ref=zg_bs_g_23033695031_d_sccl_12/000-0000000-0000000?psc=1
938,howl’s moving castle,diana jones wynne,Howl’s Moving Castle,Diana Wynne Jones,Books Children's Fantasy,Paperback,4.7,17428.0,https://www.amazon.in/Howls-Moving-Castle-Diana-Wynne/dp/0007299265/ref=zg_bs_g_67803457031_d_sccl_9/000-0000000-0000000?psc=1
5511,italian,l swan t,The Italian,T L Swan,Interracial Romance Multicultural,Kindle Edition,4.4,17367.0,https://www.amazon.in/Italian-T-L-Swan-ebook/dp/B07ZQD4JD7/ref=zg_bs_g_89265409031_d_sccl_8/000-0000000-0000000?psc=1
4774,daily stoic,hanselman holiday ryan stephen,THE DAILY STOIC,Ryan Stephen Holiday Hanselman,Age Spirituality Religion New,Paperback,4.7,17329.0,https://www.amazon.in/DAILY-STOIC-Stephen-Holiday-Hanselman/dp/1781257655/ref=zg_bs_g_10533825031_d_sccl_25/000-0000000-0000000?psc=1
2047,snow crash,neal stephenson,Snow Crash,Neal Stephenson,Media Internet Computer Digital Computing Science,Paperback,4.3,17328.0,https://www.amazon.in/Snow-Crash-Neal-Stephenson/dp/0241953189/ref=zg_bs_g_1318108031_d_sccl_18/000-0000000-0000000?psc=1
5378,last list of mabel beaumont,laura pearson,The Last List of Mabel Beaumont: THE NUMBER ONE BESTSELLER,Laura Pearson,in Later Romance Life,Kindle Edition,4.3,17266.0,https://www.amazon.in/Last-List-Mabel-Beaumont-unforgettable-ebook/dp/B0C492MN2Q/ref=zg_bs_g_89265414031_d_sccl_2/000-0000000-0000000?psc=1
7289,"chimp paradox,",peters prof steve,"Chimp Paradox, The",Prof Steve Peters,Coaching Training Sports,Paperback,4.6,17212.0,https://www.amazon.in/Chimp-Paradox-Acclaimed-Management-Confidence/dp/009193558X/ref=zg_bs_g_1318279031_d_sccl_12/000-0000000-0000000?psc=1
210,almanack of naval ravikant,eric jorgenson,The Almanack of Naval Ravikant: A Guide to Wealth and Happiness,Eric Jorgenson,Accounts True Biographies Autobiographies Diaries,Audible Audiobook,4.6,17124.0,https://www.amazon.in/Almanack-Naval-Ravikant-Wealth-Happiness/dp/B08XN477C3/ref=zg_bs_g_1318065031_d_sccl_11/000-0000000-0000000?psc=1
7439,one by one,ruth ware,One by One: The breath-taking thriller from the queen of the modern-day murder mystery,Ruth Ware,Winter Sports,Kindle Edition,4.2,16879.0,https://www.amazon.in/One-Ruth-Ware-ebook/dp/B084GKMG9L/ref=zg_bs_g_1318289031_d_sccl_12/000-0000000-0000000?psc=1
1167,where red fern grows,rawls wilson,Where the Red Fern Grows,Wilson Rawls,Books Children's Historical Fiction,Audible Audiobook,4.7,16740.0,https://www.amazon.in/Where-the-Red-Fern-Grows/dp/B079TKS63J/ref=zg_bs_g_1318088031_d_sccl_18/000-0000000-0000000?psc=1
4994,done and dusted,lyla sage,"Done and Dusted: The must-read, small-town romance and TikTok sensation! (Rebel Blue Ranch)",Lyla Sage,Male Alpha Romance,Kindle Edition,4.2,16544.0,https://www.amazon.in/Done-Dusted-must-read-small-town-sensation-ebook/dp/B0CFXPDPPD/ref=zg_bs_g_92041942031_d_sccl_17/000-0000000-0000000?psc=1
2604,"new earth,",eckhart tolle,"New Earth, A : Create a Better Life",Eckhart Tolle,Guides Lifestyle Crafts Style Personal Home,Paperback,4.6,16538.0,https://www.amazon.in/New-Earth-LIFE-CHANGING-otherworldly-Breakfast/dp/0141039418/ref=zg_bs_g_1318125031_d_sccl_5/000-0000000-0000000?psc=1
2952,before coffee gets cold,kawaguchi toshikazu,Before the Coffee Gets Cold,Toshikazu Kawaguchi,Fiction Horror Fantasy Science,Paperback,4.3,16402.0,https://www.amazon.in/Before-Coffee-Gets-Toshikazu-Kawaguchi/dp/1035035057/ref=zg_bs_g_1318163031_d_sccl_3/000-0000000-0000000?psc=1
2131,"permanent record [] snowden, edward",edward snowden,"Permanent Record [Paperback] Snowden, Edward",Edward Snowden,Media Internet Digital Social Computing,Paperback,4.6,16082.0,https://www.amazon.in/Permanent-Record-Edward-Snowden/dp/152903566X/ref=zg_bs_g_1318113031_d_sccl_2/000-0000000-0000000?psc=1
5392,meet me at lake,carley fortune,Meet Me at the Lake: The breathtaking new novel from the author of EVERY SUMMER AFTER,Carley Fortune,in Later Romance Life,Kindle Edition,4.1,16050.0,https://www.amazon.in/Meet-Me-Lake-Carley-Fortune-ebook/dp/B0BB1QYGSR/ref=zg_bs_g_89265414031_d_sccl_16/000-0000000-0000000?psc=1
268,happiest man on earth,eddie jaku,The Happiest Man on Earth,Eddie Jaku,Accounts True Diaries Biographies,Paperback,4.7,15927.0,https://www.amazon.in/Happiest-Man-Earth-Beautiful-Auschwitz/dp/1529066360/ref=zg_bs_g_1318067031_d_sccl_19/000-0000000-0000000?psc=1
3631,silent vows,jill ramsower,Silent Vows: A Mafia Arranged Marriage Romance (The Byrne Brothers Book 1),Jill Ramsower,Thriller Mystery Literature Crime Fiction,Kindle Edition,4.3,15683.0,https://www.amazon.in/Silent-Vows-Arranged-Marriage-Brothers-ebook/dp/B0B699F5HR/ref=zg_bs_g_1318161031_d_sccl_2/000-0000000-0000000?psc=1
888,five feet apart,lippincott rachael,Five Feet Apart,Rachael Lippincott,Books Children's Family Issues Social Personal,Paperback,4.6,15165.0,https://www.amazon.in/Five-Feet-Apart-Rachael-Lippincott/dp/1471185095/ref=zg_bs_g_1318077031_d_sccl_9/000-0000000-0000000?psc=1
5,fantastic beasts and where to find them,j.k. rowling,Fantastic Beasts and Where to Find Them: The Original Screenplay,J.K. Rowling,Arts Photography Broadcast Cinema Film,Kindle Edition,4.5,15122.0,https://www.amazon.in/Fantastic-Beasts-Where-Find-Them-ebook/dp/B01ETJABRE/ref=zg_bs_g_1318054031_d_sccl_6/000-0000000-0000000?psc=1
5332,snowed in,catherine walsh,"Snowed In: A completely hilarious fake dating, forced proximity romantic comedy (Catherine Walsh Christmas romcoms)",Catherine Walsh,Romance Holidays,Kindle Edition,4.3,15073.0,https://www.amazon.in/Snowed-completely-hilarious-proximity-Catherine-ebook/dp/B0CDC2XZSK/ref=zg_bs_g_89265411031_d_sccl_6/000-0000000-0000000?psc=1
5572,million kisses in your lifetime,monica murphy,A Million Kisses In Your Lifetime,Monica Murphy,Adult New Romance College,Paperback,4.4,14997.0,https://www.amazon.in/Million-Kisses-Your-Lifetime-addictive/dp/1405955562/ref=zg_bs_g_92041934031_d_sccl_19/000-0000000-0000000?psc=1
5510,until i get you,claire contreras,Until I Get You: A Hockey Romance Novel,Claire Contreras,Interracial Romance Multicultural,Kindle Edition,4.4,14956.0,https://www.amazon.in/Until-Get-You-Hockey-Romance-ebook/dp/B0C17N87XY/ref=zg_bs_g_89265409031_d_sccl_7/000-0000000-0000000?psc=1
4855,king,s.j. tilly,KING: Alliance Series Book Two,S.J. Tilly,Romance Action Adventure,Kindle Edition,4.4,14931.0,https://www.amazon.in/KING-Alliance-Book-S-J-Tilly-ebook/dp/B0C1RXFS3R/ref=zg_bs_g_86208349031_d_sccl_6/000-0000000-0000000?psc=1
5194,you are best wife,ajay pandey,You are the Best Wife: A True Love Story,Ajay Pandey,Romance Contemporary,Kindle Edition,4.4,14913.0,https://www.amazon.in/You-are-Best-Wife-Story-ebook/dp/B01F3ZO566/ref=zg_bs_g_2590357031_d_sccl_18/000-0000000-0000000?psc=1
3923,chasing love,kat t.masen,Chasing Love: A Best Friends Brother Romance (Dark Love Series Book 1),Kat  T.Masen,Fiction Short Stories Literature,Kindle Edition,4.1,14866.0,https://www.amazon.in/Chasing-Love-Billionaire-Triangle-Dark-ebook/dp/B08923Q54P/ref=zg_bs_g_1318170031_d_sccl_24/000-0000000-0000000?psc=1
3302,certificate physical and human geography (english),cheng goh leong,Certificate Physical And Human Geography (English) | Best Seller For UPSC Aspirants And Other Competitive Examinations,Goh Cheng Leong,Textbooks Education Higher Social Sciences,Paperback,4.5,14835.0,https://www.amazon.in/Certificate-Physics-Human-Geography-Indian/dp/0195628160/ref=zg_bs_g_4149727031_d_sccl_3/000-0000000-0000000?psc=1
4825,101 essays that will change way you think,brianna wiest,101 Essays That Will Change The Way You Think,Brianna Wiest,Religion Studies Religious,Paperback,4.3,14834.0,https://www.amazon.in/Essays-That-Will-Change-Think/dp/9355434030/ref=zg_bs_g_10533823031_d_sccl_26/000-0000000-0000000?psc=1
704,as good as dead,holly jackson,As Good As Dead,Holly Jackson,Books Children's Crime Thriller,Paperback,4.5,14775.0,https://www.amazon.in/As-Good-Dead-thriller-everyone/dp/140529860X/ref=zg_bs_g_1318086031_d_sccl_5/000-0000000-0000000?psc=1
862,little prince,antoine de saint-exupéry,The Little Prince,Antoine De Saint-Exupéry,Books Children's Family Issues Social Personal,Paperback,4.5,14684.0,https://www.amazon.in/Little-Prince-Antoine-Saint-Exup%C3%A9ry/dp/817599357X/ref=zg_bs_g_1318077031_d_sccl_13/000-0000000-0000000?psc=1
2491,hidden life of trees,peter wohlleben,The Hidden Life of Trees: The International Bestseller,Peter Wohlleben,Design Lifestyle Landscape Crafts Gardening Home,Paperback,4.6,14658.0,https://www.amazon.in/Hidden-Life-Trees-Peter-Wohlleben/dp/0008218439/ref=zg_bs_g_1318122031_d_sccl_12/000-0000000-0000000?psc=1
490,tiger who came to tea,judith kerr,"The Tiger Who Came to Tea: The bestselling classic children’s book, from the beloved Judith Kerr",Judith Kerr,Books Children's Pets Animals,Board book,4.6,14536.0,https://www.amazon.in/Tiger-Who-Came-Tea/dp/0008280584/ref=zg_bs_g_67803455031_d_sccl_11/000-0000000-0000000?psc=1
3848,once upon broken heart,garber stephanie,ONCE UPON A BROKEN HEART,Stephanie Garber,Legends Myths Sagas Literature Fiction,Paperback,4.3,14506.0,https://www.amazon.in/Once-Broken-Heart-Stephanie-Garber/dp/1529380944/ref=zg_bs_g_1318166031_d_sccl_19/000-0000000-0000000?psc=1
4468,ask and it is given,esther hicks,Ask and It Is Given: Learning to Manifest Your Desires,Esther Hicks,Reference Information Library Science,Paperback,4.6,14501.0,https://www.amazon.in/Ask-Given-Learning-Manifest-Desires/dp/1401904599/ref=zg_bs_g_1318187031_d_sccl_19/000-0000000-0000000?psc=1
529,where do diggers sleep at night?,brianna caplan sayres,Where Do Diggers Sleep at Night?,Brianna Caplan Sayres,That Trains Books Children's Cars Things Go,Board book,4.8,14454.0,https://www.amazon.in/Where-Do-Diggers-Sleep-Night/dp/0385374151/ref=zg_bs_g_67803460031_d_sccl_30/000-0000000-0000000?psc=1
5642,fake out,archer stephanie,The Fake Out: a fake dating hockey romance (Vancouver Storm Book 2),Stephanie Archer,Romance Comedy Romantic,Kindle Edition,4.4,14343.0,https://www.amazon.in/Fake-Out-dating-romance-Vancouver-ebook/dp/B0CNSGXRN9/ref=zg_bs_g_86208348031_d_sccl_19/000-0000000-0000000?psc=1
6601,"men are from mars, women are from venus",gray john,"Men Are from Mars, Women Are from Venus: The Classic Guide to Understanding the Opposite Sex",John Gray,Sciences Society Culture Social,Audible Audiobook,4.5,14216.0,https://www.amazon.in/Men-Mars-Women-Venus-Understanding/dp/B079TNHG5Y/ref=zg_bs_g_1318222031_d_sccl_28/000-0000000-0000000?psc=1
4454,untamed,doyle glennon,Untamed,Glennon Doyle,Reference Information Library Science,Paperback,4.5,14187.0,https://www.amazon.in/Untamed-Stop-pleasing-start-living/dp/1785043358/ref=zg_bs_g_1318187031_d_sccl_5/000-0000000-0000000?psc=1
5870,lords of pain (dark college bully romance),angel lawson,Lords of Pain (Dark College Bully Romance): Royals of Forsyth University,Angel Lawson,Romance Sports,Kindle Edition,4.4,14157.0,https://www.amazon.in/Lords-Pain-College-Bully-Romance-ebook/dp/B08W3RYS26/ref=zg_bs_g_89265407031_d_sccl_17/000-0000000-0000000?psc=1
3036,inheritance ( lost bride trilogy),nora roberts,Inheritance (The Lost Bride Trilogy),Nora Roberts,Fiction Horror Fantasy Science,Kindle Edition,4.7,14110.0,https://www.amazon.in/Inheritance-Lost-Bride-Trilogy-Book-ebook/dp/B0BXWT8SVR/ref=zg_bs_g_1318165031_d_sccl_7/000-0000000-0000000?psc=1
5785,that forever girl (getting lucky book 2),meghan quinn,That Forever Girl (Getting Lucky Book 2),Meghan Quinn,Small Town Romance,Kindle Edition,4.5,14045.0,https://www.amazon.in/That-Forever-Girl-Getting-Lucky-ebook/dp/B07P1WZGPD/ref=zg_bs_g_92041937031_d_sccl_12/000-0000000-0000000?psc=1
725,unravel me,mafi tahereh,Unravel Me,Tahereh Mafi,Books Children's Crime Thriller,Paperback,4.5,14022.0,https://www.amazon.in/Unravel-Me-Shatter-Tahereh-Mafi/dp/1405291761/ref=zg_bs_g_1318086031_d_sccl_26/000-0000000-0000000?psc=1
3032,aristotle and dante discover secrets of universe,alire benjamin saenz,Aristotle and Dante Discover the Secrets of the Universe,Benjamin Alire Saenz,Fiction Horror Fantasy Science,Paperback,4.6,14006.0,https://www.amazon.in/Aristotle-Dante-Discover-Secrets-Universe/dp/1442408936/ref=zg_bs_g_1318165031_d_sccl_3/000-0000000-0000000?psc=1
2656,crime and punishment,dostoyevsky fyodor,Crime And Punishment,Fyodor Dostoyevsky,Suspense Thriller and Mystery Crime Thrillers,Paperback,4.5,13869.0,https://www.amazon.in/Crime-Punishment-Fyodor-Dostoyevsky/dp/9386538059/ref=zg_bs_g_22960213031_d_sccl_7/000-0000000-0000000?psc=1
3901,exception to rule ( improbable meet,christina lauren,The Exception to the Rule (The Improbable Meet-Cute collection),Christina Lauren,Fiction Short Stories Literature,Kindle Edition,4.5,13665.0,https://www.amazon.in/Exception-Rule-Improbable-Meet-Cute-collection-ebook/dp/B0CL7GMPD4/ref=zg_bs_g_1318170031_d_sccl_2/000-0000000-0000000?psc=1
406,lean startup,eric ries,"The Lean Startup: How Constant Innovation Creates Radically Successful Businesses [Paperback] Ries, Eric",RIES ERIC,Industries Economics Business,Paperback,4.5,13608.0,https://www.amazon.in/Lean-Startup-Innovation-Successful-Businesses/dp/0670921602/ref=zg_bs_g_1318071031_d_sccl_7/000-0000000-0000000?psc=1
3695,checklist manifesto,atul gawande,The Checklist Manifesto: How to Get Things Right,Atul Gawande,Fiction Essays Literature,Kindle Edition,4.4,13155.0,https://www.amazon.in/Checklist-Manifesto-How-Things-Right-ebook/dp/B086XF436Z/ref=zg_bs_g_1318172031_d_sccl_16/000-0000000-0000000?psc=1
3591,jonathan livingston seagull,bach richard,Jonathan Livingston Seagull: A Story,Richard Bach,Fiction Classic Literature,Paperback,4.5,12867.0,https://www.amazon.in/Jonathan-Livingston-Seagull-Richard-Bach/dp/817223578X/ref=zg_bs_g_1318159031_d_sccl_12/000-0000000-0000000?psc=1
221,"many lives, many masters [] weiss, brian",brian dr weiss,"MANY LIVES, MANY MASTERS [Paperback] Weiss, Brian",DR BRIAN WEISS,Accounts True Biographies Autobiographies Diaries,Paperback,4.6,12775.0,https://www.amazon.in/MANY-LIVES-MASTERS-BRIAN-WEISS/dp/0749913789/ref=zg_bs_g_1318065031_d_sccl_22/000-0000000-0000000?psc=1
3096,courage to be disliked,fumitake koga,"The Courage to Be Disliked : How to Free Yourself, Change Your Life and Achieve Real Happiness",Fumitake Koga,Development Transformation Family Health Personal,Audible Audiobook,4.5,12730.0,https://www.amazon.in/Courage-Be-Disliked-Yourself-Happiness/dp/B079MBMBJK/ref=zg_bs_g_1318132031_d_sccl_17/000-0000000-0000000?psc=1
3070,"courage to be disliked,",and fumitake ichiro kishimi koga,"Courage To Be Disliked, The: How to free yourself, change your life and achieve real happiness (Courage To series)",Ichiro Kishimi and Fumitake Koga,Development Transformation Family Health Personal,Hardcover,4.5,12730.0,https://www.amazon.in/Courage-Be-Disliked-yourself-happiness/dp/1760630721/ref=zg_bs_g_1318132031_d_sccl_21/000-0000000-0000000?psc=1
306,how to talk to anyone,leil lowndes,How to Talk to Anyone: 92 Little Tricks for Big Success in Relationships,Leil Lowndes,Strategy Analysis Economics Business,Audible Audiobook,4.4,12532.0,https://www.amazon.in/How-Talk-Anyone-Success-Relationships/dp/B079TJV5ZP/ref=zg_bs_g_1318070031_d_sccl_7/000-0000000-0000000?psc=1
760,high school english gram & comp (reg ed),"n,d,v,prasada rao",High School English Gram & Comp (Reg Ed),"Rao N,D,V,Prasada",Books Children's Education Reference,Paperback,4.4,12317.0,https://www.amazon.in/School-English-Grammar-Composition-Regular/dp/9352530144/ref=zg_bs_g_67803454031_d_sccl_11/000-0000000-0000000?psc=1
7787,7 habits of highly effective teenagers,covey sean,7 HABITS OF HIGHLY EFFECTIVE TEENAGERS,SEAN COVEY,Adult Family Social Teen Young Issues,Paperback,4.5,12285.0,https://www.amazon.in/7-HABITS-HIGHLY-EFFECTIVE-TEENAGERS/dp/1471136876/ref=zg_bs_g_67803447031_d_sccl_10/000-0000000-0000000?psc=1
7682,better than movies,lynn painter,Better Than the Movies,Lynn Painter,Adult Romance Young Teen,Paperback,4.5,12255.0,https://www.amazon.in/Better-Than-Movies-Lynn-Painter/dp/1534467637/ref=zg_bs_g_67803438031_d_sccl_5/000-0000000-0000000?psc=1
361,as man thinketh,allen james,As a Man Thinketh,James Allen,Economics Business,Paperback,4.4,12254.0,https://www.amazon.in/As-Man-Thinketh-James-Allen/dp/9386538172/ref=zg_bs_g_1318069031_d_sccl_12/000-0000000-0000000?psc=1
403,millionaire fastlane,demarco mj,The Millionaire Fastlane: Crack the Code to Wealth and Live Rich for a Lifetime,MJ DeMarco,Industries Economics Business,Paperback,4.6,12237.0,https://www.amazon.in/Millionaire-Fastlane-Crack-Wealth-Lifetime/dp/9390085497/ref=zg_bs_g_1318071031_d_sccl_4/000-0000000-0000000?psc=1
5173,until you (off,catharina maura,Until You (Off-Limits),Catharina Maura,Romance Contemporary,Kindle Edition,4.3,12156.0,https://www.amazon.in/Until-You-Brothers-Standalone-Off-Limits-ebook/dp/B0934BZHW1/ref=zg_bs_g_2590357031_d_sccl_27/000-0000000-0000000?psc=1
231,story of my experiments with truth,gandhi mahatma,The Story of My Experiments With Truth,Mahatma Gandhi,Accounts True Biographies Autobiographies Diaries,Paperback,4.5,12116.0,https://www.amazon.in/Mahatma-Gandhi-Autobiography-Story-Experiments/dp/8172343116/ref=zg_bs_g_1318065031_d_sccl_2/000-0000000-0000000?psc=1
7827,sun is also star,nicola yoon,The Sun is also a Star,Nicola Yoon,Adult Family Social Teen Young Issues,Paperback,4.4,12058.0,https://www.amazon.in/Sun-also-Star-Nicola-Yoon/dp/0552574244/ref=zg_bs_g_67803447031_d_sccl_20/000-0000000-0000000?psc=1
7772,war storm,aveyard victoria,WAR STORM: RED QUEEN BOOK 4,Victoria Aveyard,Adult Teen Young Fantasy Science Fiction,Paperback,4.5,12044.0,https://www.amazon.in/WAR-STORM-RED-QUEEN-BOOK/dp/1409175995/ref=zg_bs_g_67803449031_d_sccl_15/000-0000000-0000000?psc=1
484,llama llama red pajama,anna dewdney,Llama Llama Red Pajama,Anna Dewdney,Books Children's Pets Animals,Board book,4.8,11992.0,https://www.amazon.in/Llama-Red-Pajama-Anna-Dewdney/dp/0451474570/ref=zg_bs_g_67803455031_d_sccl_5/000-0000000-0000000?psc=1
3015,misery (reissue),king stephen,MISERY (REISSUE),Stephen King,Fiction Horror Fantasy Science,Paperback,4.5,11963.0,https://www.amazon.in/Misery-Stephen-King/dp/1444720716/ref=zg_bs_g_1318165031_d_sccl_16/000-0000000-0000000?psc=1
4863,broken whispers,altaj neva,Broken Whispers: An Arranged Marriage Mafia Romance (Perfectly Imperfect Book 2),Neva Altaj,Romance Action Adventure,Kindle Edition,4.4,11926.0,https://www.amazon.in/Broken-Whispers-Arranged-Perfectly-Imperfect-ebook/dp/B09ZPQN2NZ/ref=zg_bs_g_86208349031_d_sccl_14/000-0000000-0000000?psc=1
5331,lovelight farms,b.k. borison,Lovelight Farms: The feel-good friends-to-lovers Romcom,B.K. Borison,Romance Holidays,Kindle Edition,4.3,11926.0,https://www.amazon.in/Lovelight-Farms-feel-good-friends-lovers-ebook/dp/B0BVFWDPSD/ref=zg_bs_g_89265411031_d_sccl_5/000-0000000-0000000?psc=1
377,communist manifesto,karl marx,The Communist Manifesto,Karl Marx,Economics Business,Paperback,4.4,11916.0,https://www.amazon.in/Communist-Manifesto-Karl-Marx/dp/9386538253/ref=zg_bs_g_1318069031_d_sccl_28/000-0000000-0000000?psc=1
3318,"guns, germs and steel",diamond jared,"Guns, Germs and Steel : The MILLION-COPY bestselling history of everybody (20th Anniversary Edition)",Jared Diamond,Textbooks Education Higher Social Sciences,Paperback,4.5,11834.0,https://www.amazon.in/Guns-Germs-Steel-Jared-Diamond/dp/0099302780/ref=zg_bs_g_4149727031_d_sccl_19/000-0000000-0000000?psc=1
426,everything store,brad stone,The Everything Store: Jeff Bezos and the Age of Amazon,Brad Stone,Industries Economics Business,Paperback,4.5,11834.0,https://www.amazon.in/Everything-Store-Jeff-Bezos-Amazon/dp/0552167835/ref=zg_bs_g_1318071031_d_sccl_27/000-0000000-0000000?psc=1
5530,rule number five,j. wilder,Rule Number Five: A College Hockey Romance (Rule Breaker Series Book 1),J. Wilder,Adult New Romance College,Kindle Edition,4.3,11833.0,https://www.amazon.in/Rule-Number-Five-College-Romance-ebook/dp/B0BQ5RNZD2/ref=zg_bs_g_92041934031_d_sccl_7/000-0000000-0000000?psc=1
7826,way i used to be,amber smith,The Way I Used To Be: The TikTok sensation,Amber Smith,Adult Family Social Teen Young Issues,Paperback,4.5,11830.0,https://www.amazon.in/Way-Used-Be-TikTok-made/dp/0861546733/ref=zg_bs_g_67803447031_d_sccl_19/000-0000000-0000000?psc=1
6513,all about love,bell hooks,All About Love: New Visions: 1 (Love Song to the Nation),bell hooks,Sciences Society Ethnography Social,Paperback,4.6,11702.0,https://www.amazon.in/All-About-Love-Visions-Paperback/dp/0060959479/ref=zg_bs_g_26437177031_d_sccl_10/000-0000000-0000000?psc=1
3017,metamorphosis (pb),franz kafka,METAMORPHOSIS (PB),Franz Kafka,Fiction Horror Fantasy Science,Paperback,4.5,11646.0,https://www.amazon.in/Metamorphosis-Franz-Kafka/dp/9355201060/ref=zg_bs_g_1318165031_d_sccl_18/000-0000000-0000000?psc=1
4590,zen and art of motorcycle maintenance,pirsig robert,Zen and the Art of Motorcycle Maintenance : 40th Anniversary Edition,Robert Pirsig,Religion Buddhism,Paperback,4.5,11639.0,https://www.amazon.in/Zen-Art-Motorcycle-Maintenance-Anniversary/dp/0099598167/ref=zg_bs_g_1318190031_d_sccl_11/000-0000000-0000000?psc=1
7306,relentless,grover s. tim,Relentless: From Good to Great to Unstoppable (Tim Grover Winning Series),Tim S. Grover,Coaching Training Sports,Kindle Edition,4.5,11623.0,https://www.amazon.in/Relentless-Unstoppable-Tim-S-Grover-ebook/dp/B008O58LL8/ref=zg_bs_g_1318279031_d_sccl_29/000-0000000-0000000?psc=1
4798,god delusion,dawkins richard,The God Delusion : 10th Anniversary Edition,Richard Dawkins,Age Spirituality Religion New,Paperback,4.6,11506.0,https://www.amazon.in/God-Delusion-Richard-Dawkins/dp/1784161926/ref=zg_bs_g_10533825031_d_sccl_19/000-0000000-0000000?psc=1
6086,outlive,bill gifford,Outlive: The Science and Art of Longevity,Bill Gifford,Biology Life Science Mathematics Sciences,Hardcover,4.6,11251.0,https://www.amazon.in/Outlive-Longevity-Peter-Attia-MD/dp/0593236599/ref=zg_bs_g_4149711031_d_sccl_13/000-0000000-0000000?psc=1
297,dying to be me,anita moorjani,"Dying To Be Me : My Journey from Cancer: My Journey from Cancer, to Near Death, to True Healing",Anita Moorjani,Accounts True Diaries Biographies,Paperback,4.5,11236.0,https://www.amazon.in/Dying-Me-Journey-Cancer-Healing/dp/938143137X/ref=zg_bs_g_1318067031_d_sccl_18/000-0000000-0000000?psc=1
310,richest man in babylon,clason george s.,The Richest Man In Babylon - Fingerprint!,George S. Clason,Strategy Analysis Economics Business,Paperback,4.5,11210.0,https://www.amazon.in/Richest-Man-Babylon-George-Clason/dp/9388144317/ref=zg_bs_g_1318070031_d_sccl_11/000-0000000-0000000?psc=1
207,autobiography of yogi,paramahansa yogananda,AUTOBIOGRAPHY OF A YOGI,Paramahansa Yogananda,Accounts True Biographies Autobiographies Diaries,Paperback,4.6,11173.0,https://www.amazon.in/Autobiography-Yogi-Paramahansa-Yogananda/dp/8129145367/ref=zg_bs_g_1318065031_d_sccl_8/000-0000000-0000000?psc=1
4910,romantic comedy,curtis sittenfeld,Romantic Comedy,Curtis Sittenfeld,Adaptations Romance,Paperback,4.1,11146.0,https://www.amazon.in/Romantic-Comedy-global-bestselling-AMERICAN/dp/0857527509/ref=zg_bs_g_92041941031_d_sccl_13/000-0000000-0000000?psc=1
411,invisible women,caroline criado perez,Invisible Women : the Sunday Times number one bestseller exposing the gender bias women face every day,Caroline Criado Perez,Industries Economics Business,Paperback,4.6,11092.0,https://www.amazon.in/Invisible-Women-Exposing-World-Designed/dp/1784706280/ref=zg_bs_g_1318071031_d_sccl_12/000-0000000-0000000?psc=1
234,one up on wall street,lynch peter,One Up on Wall Street: How To Use What You Already Know To Make Money in the Market,Peter Lynch,Accounts True Biographies Autobiographies Diaries,Kindle Edition,4.5,11046.0,https://www.amazon.in/One-Up-Wall-Street-Already-ebook/dp/B006YDFYW6/ref=zg_bs_g_1318065031_d_sccl_5/000-0000000-0000000?psc=1
332,master your emotions,meurisse thibaut,Master Your Emotions: A Practical Guide to Overcome Negativity and Better Manage Your Feelings (Mastery Series Book 1),thibaut  meurisse,Strategy Analysis Economics Business,Kindle Edition,4.5,11043.0,https://www.amazon.in/Master-Your-Emotions-Practical-Negativity-ebook/dp/B07CX8H6YH/ref=zg_bs_g_1318070031_d_sccl_3/000-0000000-0000000?psc=1
6635,dead mountain,donnie eichar,"Dead Mountain: The Untold True Story of the Dyatlov Pass Incident: 25 Makeup Looks for Day, Night, and Everything In Between!",Donnie Eichar,Active Outdoor Pursuits Sports,Paperback,4.3,11026.0,https://www.amazon.in/Dead-Mountain-Dyatlov-Incident-Everything/dp/1452140030/ref=zg_bs_g_1318225031_d_sccl_12/000-0000000-0000000?psc=1
5557,resisting mr. kane,lucas rosa,Resisting Mr. Kane: An Age Gap Office Romance (The London Mister Series Book 2),Rosa Lucas,Adult New Romance College,Kindle Edition,4.5,10984.0,https://www.amazon.in/Resisting-Mr-Kane-Office-Romance-ebook/dp/B09X3DKLSZ/ref=zg_bs_g_92041934031_d_sccl_4/000-0000000-0000000?psc=1
2394,how not to die cookbook,greger michael,The How Not To Die Cookbook,Michael Greger,Food Entertaining Lifestyle Drink Crafts Home,Paperback,4.6,10954.0,https://www.amazon.in/How-Not-Die-Cookbook-Recipes/dp/1529010810/ref=zg_bs_g_1318120031_d_sccl_15/000-0000000-0000000?psc=1
3944,black & white board book,hoban tana,Black & White Board Book,Tana Hoban,Fiction Short Stories Literature,Board book,4.5,10903.0,https://www.amazon.in/Black-White-Board-Book-Hoban/dp/0061172111/ref=zg_bs_g_1318170031_d_sccl_15/000-0000000-0000000?psc=1
51,artist's way,cameron julia,THE ARTIST'S WAY,Julia Cameron,Music Arts Photography Film,Paperback,4.5,10871.0,https://www.amazon.in/ARTISTS-WAY-Julia-Cameron/dp/1788164296/ref=zg_bs_g_1318059031_d_sccl_2/000-0000000-0000000?psc=1
3330,love yourself like your life depends on it,kamal ravikant,Love Yourself Like Your Life Depends on It: The positive self-help phenomenon,Kamal Ravikant,Textbooks Education Higher Social Sciences,Paperback,4.4,10850.0,https://www.amazon.in/Love-Yourself-Like-Your-Depends/dp/0008374708/ref=zg_bs_g_4149727031_d_sccl_1/000-0000000-0000000?psc=1
7541,concept of physics by h.c verma part,h.c. verma,Concept of Physics by H.C Verma Part - II - Session 2022-23,H.C. Verma,Adult Education Teen Young Reference,Paperback,4.6,10828.0,https://www.amazon.in/Concept-Physics-Part-2-2018-2019-Session/dp/8177092324/ref=zg_bs_g_67803444031_d_sccl_14/000-0000000-0000000?psc=1
3026,house of leaves,danielewski mark z.,House of Leaves: The Remastered Full-Color Edition,Mark Z. Danielewski,Fiction Horror Fantasy Science,Paperback,4.6,10671.0,https://www.amazon.in/House-Leaves-Remastered-Mark-Danielewski/dp/0375703764/ref=zg_bs_g_1318165031_d_sccl_27/000-0000000-0000000?psc=1
657,"brain games for clever kids [] moore, gareth",gareth moore,"BRAIN GAMES FOR CLEVER KIDS [Paperback] Moore, Gareth",Gareth Moore,Interests Books Children's Crafts Hobbies Practical,Paperback,4.3,10554.0,https://www.amazon.in/BRAIN-GAMES-CLEVER-Paperback-Gareth/dp/1780552491/ref=zg_bs_g_1318075031_d_sccl_8/000-0000000-0000000?psc=1
10,one day,david nicholls,One Day,David Nicholls,Arts Photography Broadcast Cinema Film,Audible Audiobook,4.2,10550.0,https://www.amazon.in/One-Day/dp/B079P515NK/ref=zg_bs_g_1318054031_d_sccl_11/000-0000000-0000000?psc=1
6278,lifespan,a. david sinclair,Lifespan : Why We Age – and Why We Don’t Have To: Why We Age – and Why We Don’t Have To,David A. Sinclair,Biology Life Technology Sciences Medicine,Paperback,4.5,10499.0,https://www.amazon.in/Lifespan-Why-Age-Dont-Have/dp/0008380325/ref=zg_bs_g_1318206031_d_sccl_5/000-0000000-0000000?psc=1
3627,reaper,runyx,The Reaper: An Enemies to Lovers Dark Romance (Dark Verse Book 2),RuNyx,Thriller Mystery Literature Crime Fiction,Kindle Edition,4.7,10245.0,https://www.amazon.in/Reaper-Dark-Verse-Book-ebook/dp/B08CSXT48G/ref=zg_bs_g_1318161031_d_sccl_28/000-0000000-0000000?psc=1
2694,suspects,danielle steel,"Suspects: A thrilling, high stakes drama from the billion copy bestseller",Danielle Steel,Suspense Thriller and Mystery Crime Thrillers,Paperback,4.5,10182.0,https://www.amazon.in/Suspects-Danielle-Steel/dp/1529022029/ref=zg_bs_g_22960213031_d_sccl_15/000-0000000-0000000?psc=1
5603,tyrant alpha's rejected mate ( five packs book 1),c. cate wells,The Tyrant Alpha's Rejected Mate (The Five Packs Book 1),Cate C. Wells,Paranormal Romance,Kindle Edition,4.3,10027.0,https://www.amazon.in/Tyrant-Alphas-Rejected-Mate-Packs-ebook/dp/B09GPTD93W/ref=zg_bs_g_89265410031_d_sccl_30/000-0000000-0000000?psc=1
3913,worst wingman ever ( improbable meet,abby jimenez,Worst Wingman Ever (The Improbable Meet-Cute collection),Abby Jimenez,Fiction Short Stories Literature,Kindle Edition,4.2,10000.0,https://www.amazon.in/Worst-Wingman-Improbable-Meet-Cute-collection-ebook/dp/B0CL7H4JD9/ref=zg_bs_g_1318170031_d_sccl_14/000-0000000-0000000?psc=1
7290,range,(journalist) david epstein,Range: How Generalists Triumph in a Specialized World,(Journalist) David Epstein,Coaching Training Sports,Kindle Edition,4.4,9897.0,https://www.amazon.in/Range-Generalists-Triumph-Specialized-World-ebook/dp/B07M6QPRRG/ref=zg_bs_g_1318279031_d_sccl_13/000-0000000-0000000?psc=1
6567,gift of fear,becker de gavin,The Gift of Fear,Gavin de Becker,Services Social Welfare Society Sciences,Paperback,4.6,9896.0,https://www.amazon.in/Gift-Fear-Survival-Signals-Violence/dp/0747538352/ref=zg_bs_g_1318221031_d_sccl_14/000-0000000-0000000?psc=1
5812,consolation ( salvation series book 3),corinne michaels,Consolation (The Salvation Series Book 3),Corinne Michaels,Small Town Romance,Kindle Edition,4.6,9891.0,https://www.amazon.in/Consolation-Salvation-Book-Corinne-Michaels-ebook/dp/B00UK6WCDW/ref=zg_bs_g_92041937031_d_sccl_9/000-0000000-0000000?psc=1
6946,free country,george mahood,Free Country: A Penniless Adventure the Length of Britain,George Mahood,Cycling Sports,Kindle Edition,4.4,9881.0,https://www.amazon.in/Free-Country-Penniless-Adventure-Britain-ebook/dp/B0085W00M8/ref=zg_bs_g_1318246031_d_sccl_23/000-0000000-0000000?psc=1
491,fantastic mr fox,dahl roald,Fantastic Mr Fox,Roald Dahl,Books Children's Pets Animals,Paperback,4.6,9878.0,https://www.amazon.in/Fantastic-Mr-Fox-Roald-Dahl/dp/0241558352/ref=zg_bs_g_67803455031_d_sccl_12/000-0000000-0000000?psc=1
326,laws of human nature (export tpb),greene robert,The Laws of Human Nature (Export TPB),Robert Greene,Strategy Analysis Economics Business,Paperback,4.6,9831.0,https://www.amazon.in/Laws-Human-Nature-Export-TPB/dp/1781259194/ref=zg_bs_g_1318070031_d_sccl_27/000-0000000-0000000?psc=1
456,"hello, world! solar system",jill mcdonald,"HELLO, WORLD! SOLAR SYSTEM",Jill McDonald,Books Children's Pets Animals,Board book,4.6,9808.0,https://www.amazon.in/HELLO-WORLD-SOLAR-SYSTEM-MCDONALD/dp/0553521039/ref=zg_bs_g_67803455031_d_sccl_7/000-0000000-0000000?psc=1
237,leaders eat last (with new chapter),simon sinek,"Leaders Eat Last (With a New Chapter): Why Some Teams Pull Together and Others Don't [Paperback] Sinek, Simon",Simon Sinek,Accounts True Biographies Autobiographies Diaries,Paperback,4.5,9664.0,https://www.amazon.in/Leaders-Eat-Last-New-Chapter/dp/0670923176/ref=zg_bs_g_1318065031_d_sccl_8/000-0000000-0000000?psc=1
2525,elements of style,erin gates,Elements Of Style,Erin Gates,Handicrafts Lifestyle Arts Crafts Decorative Home,Hardcover,4.8,9597.0,https://www.amazon.in/Elements-Style-Designing-Home-Life/dp/1476744874/ref=zg_bs_g_1318123031_d_sccl_26/000-0000000-0000000?psc=1
724,two can keep secret,karen m mcmanus,Two Can Keep a Secret,Karen M McManus,Books Children's Crime Thriller,Paperback,4.4,9505.0,https://www.amazon.in/Two-Keep-Secret-Karen-McManus/dp/0141375655/ref=zg_bs_g_1318086031_d_sccl_25/000-0000000-0000000?psc=1
4572,when things fall apart,chödrön pema,When Things Fall Apart,Pema Chödrön,Religion Buddhism,Paperback,4.5,9503.0,https://www.amazon.in/When-Things-Fall-Apart-Difficult/dp/0007183518/ref=zg_bs_g_1318190031_d_sccl_23/000-0000000-0000000?psc=1
75,just kids,patti smith,Just Kids,Patti Smith,Music Arts Photography Film,Paperback,4.5,9371.0,https://www.amazon.in/Just-Kids-Patti-Smith/dp/0060936223/ref=zg_bs_g_1318059031_d_sccl_26/000-0000000-0000000?psc=1
487,monkey puzzle,donaldson julia,Monkey Puzzle,Julia Donaldson,Books Children's Pets Animals,Board book,4.7,9365.0,https://www.amazon.in/Monkey-Puzzle-Julia-Donaldson/dp/1509830413/ref=zg_bs_g_67803455031_d_sccl_8/000-0000000-0000000?psc=1
4760,stop overthinking nick trenton,nick trenton,Stop Overthinking Nick Trenton,Nick Trenton,Age Spirituality Religion New,Paperback,4.4,9325.0,https://www.amazon.in/Stop-Overthinking-Nick-Trenton/dp/014345921X/ref=zg_bs_g_10533825031_d_sccl_11/000-0000000-0000000?psc=1
272,mossad,bar-zohar michael,Mossad,Michael Bar-Zohar,Accounts True Diaries Biographies,Paperback,4.5,9306.0,https://www.amazon.in/Mossad-Michael-Bar-Zohar/dp/8184958455/ref=zg_bs_g_1318067031_d_sccl_23/000-0000000-0000000?psc=1
3633,once you're mine,bridges morgan,Once You're Mine: A Dark Stalker Romance (Possessing Her Book 1),Morgan Bridges,Thriller Mystery Literature Crime Fiction,Kindle Edition,4.1,9119.0,https://www.amazon.in/Once-Youre-Mine-Stalker-Possessing-ebook/dp/B0CJ27RP34/ref=zg_bs_g_1318161031_d_sccl_4/000-0000000-0000000?psc=1
71,standard wirebound manuscript paper (green cover),hal leonard,Standard Wirebound Manuscript Paper (Green Cover),Hal Leonard,Music Arts Photography Film,Spiral-bound,4.7,9115.0,https://www.amazon.in/Standard-Wire-Bound-Manuscript-Paper/dp/0881884995/ref=zg_bs_g_1318059031_d_sccl_22/000-0000000-0000000?psc=1
5185,my darling bride,ilsa madden-mills,My Darling Bride,Ilsa Madden-Mills,Romance Contemporary,Kindle Edition,4.4,9022.0,https://www.amazon.in/My-Darling-Bride-Ilsa-Madden-Mills-ebook/dp/B0CB92VC6L/ref=zg_bs_g_2590357031_d_sccl_9/000-0000000-0000000?psc=1
2444,bobby fischer teaches chess,bobby fischer,Bobby Fischer Teaches Chess,Bobby Fischer,Quizzes Lifestyle Crafts Home Games,Mass Market Paperback,4.1,8833.0,https://www.amazon.in/Bobby-Fischer-Teaches-Chess/dp/0553263153/ref=zg_bs_g_1318121031_d_sccl_15/000-0000000-0000000?psc=1
1170,"war that saved my life,",bradley kimberly,"War That Saved My Life, The",Kimberly Bradley,Books Children's Historical Fiction,Paperback,4.7,8829.0,https://www.amazon.in/War-That-Saved-My-Life/dp/0147510481/ref=zg_bs_g_1318088031_d_sccl_21/000-0000000-0000000?psc=1
5404,roomhate,penelope ward,RoomHate,Penelope Ward,Triangle Love Romance,Kindle Edition,4.4,8801.0,https://www.amazon.in/RoomHate-Penelope-Ward-ebook/dp/B01BS7P3BE/ref=zg_bs_g_92041943031_d_sccl_8/000-0000000-0000000?psc=1
6544,lost connections,hari johann,Lost Connections: Why You’re Depressed and How to Find Hope,Johann Hari,Services Social Welfare Society Sciences,Paperback,4.6,8741.0,https://www.amazon.in/Lost-Connections-Youre-Depressed-Find/dp/1408878720/ref=zg_bs_g_1318221031_d_sccl_21/000-0000000-0000000?psc=1
1285,i wish you more,amy krouse rosenthal,I Wish You More,Amy Krouse Rosenthal,Books Children's Holidays Celebrations,Hardcover,4.8,8679.0,https://www.amazon.in/Wish-You-More-Krouse-Rosenthal/dp/1452126992/ref=zg_bs_g_67803463031_d_sccl_6/000-0000000-0000000?psc=1
3025,bunny,awad mona,Bunny,Mona Awad,Fiction Horror Fantasy Science,Paperback,3.7,8678.0,https://www.amazon.in/Bunny-Mona-Awad/dp/1788545443/ref=zg_bs_g_1318165031_d_sccl_26/000-0000000-0000000?psc=1
409,measure what matters,doerr john,Measure What Matters,John Doerr,Industries Economics Business,Paperback,4.5,8656.0,https://www.amazon.in/Measure-What-Matters-John-Doerr/dp/024134848X/ref=zg_bs_g_1318071031_d_sccl_10/000-0000000-0000000?psc=1
1901,attack on titan vol. 1,hajime isayama,Attack on Titan Vol. 1,Hajime Isayama,Mangas Comics,Kindle Edition,4.6,8642.0,https://www.amazon.in/Attack-Titan-Vol-Hajime-Isayama-ebook/dp/B00CCOO1HA/ref=zg_bs_g_15705395031_d_sccl_2/000-0000000-0000000?psc=1
3062,do it today,darius foroux,"Do It Today: Overcome procrastination, improve productivity and achieve more meaningful things [Paperback] Foroux, Darius",Darius Foroux,Development Transformation Family Health Personal,Paperback,4.4,8579.0,https://www.amazon.in/Do-Today-procrastination-productivity-meaningful/dp/0143452126/ref=zg_bs_g_1318132031_d_sccl_13/000-0000000-0000000?psc=1
7768,dance of thieves,e. mary pearson,DANCE OF THIEVES: the sensational young adult fantasy from a New York Times bestselling author,Mary E. Pearson,Adult Teen Young Fantasy Science Fiction,Paperback,4.5,8550.0,https://www.amazon.in/Dance-Thieves-sensational-fantasy-bestselling/dp/1399710427/ref=zg_bs_g_67803449031_d_sccl_11/000-0000000-0000000?psc=1
5762,wicked cravings ( phoenix pack book 2),suzanne wright,Wicked Cravings (The Phoenix Pack Book 2),Suzanne Wright,Fiction Romance Science,Kindle Edition,4.4,8495.0,https://www.amazon.in/Wicked-Cravings-Phoenix-Pack-Book-ebook/dp/B009XDDVMO/ref=zg_bs_g_89265412031_d_sccl_9/000-0000000-0000000?psc=1
7297,thinner leaner stronger,matthews michael,Thinner Leaner Stronger: The Simple Science of Building the Ultimate Female Body (The Thinner Leaner Stronger Series Book 1),Michael Matthews,Coaching Training Sports,Kindle Edition,4.4,8465.0,https://www.amazon.in/Thinner-Leaner-Stronger-Building-Ultimate-ebook/dp/B0098PYV7Q/ref=zg_bs_g_1318279031_d_sccl_20/000-0000000-0000000?psc=1
4228,long walk to freedom,mandela nelson,LONG WALK TO FREEDOM,Nelson Mandela,Security Politics Freedom,Paperback,4.6,8464.0,https://www.amazon.in/Long-Walk-Freedom-Nelson-Mandela/dp/0349106533/ref=zg_bs_g_1318177031_d_sccl_29/000-0000000-0000000?psc=1
6277,origin of species,charles darwin,The Origin of Species,Charles Darwin,Biology Life Technology Sciences Medicine,Paperback,4.5,8421.0,https://www.amazon.in/Origin-Species-Charles-Darwin/dp/8172344880/ref=zg_bs_g_1318206031_d_sccl_4/000-0000000-0000000?psc=1
